MODEL_NAME,NUM_EPOCHS,N,F,NUM_TRAJ,TRAJ_LENGTH,ACTIVATION,HIDDEN_SIZE,BETA,TRAIN_LOSS,TRAIN_AVERAGE_EUCLIDEAN_DISTANCE,VAL_LOSS,VAL_AVERAGE_EUCLIDEAN_DISTANCE,TEST_LOSS,TEST_AVERAGE_EUCLIDEAN_DISTANCE,Lyapunov,MINS_SV,MIN_GRADS_SV
"2026-08-21T14-48-27_Softplus(beta=1.0, threshold=20.0)_24_1",200,8,8,200,5,"Softplus(beta=1.0, threshold=20.0)",24,1,3.61e-05,0.0159842,5.41e-05,0.0188746,5.51e-05,0.0197264,"[ 1.48613091  0.43733012  0.00823389 -0.39535076 -0.88002323 -1.53141679
 -2.46726762 -4.71657202]","[1.03306092 1.00472271 0.99265669 0.97980825 0.96884966 0.94531812
 0.92345746 0.89209987]","[-0.28849337 -0.44103623 -0.45847112 -0.43487046 -0.38828655 -0.33228944
 -0.3033336  -0.20084705]"
"2026-08-21T14-48-27_Softplus(beta=1.0, threshold=20.0)_24_2",200,8,8,200,5,"Softplus(beta=1.0, threshold=20.0)",24,1,3.73e-05,0.0164686,6.44e-05,0.0206633,7.22e-05,0.0221385,"[ 1.58768862e+00  4.35586409e-01 -2.83115169e-03 -4.38768033e-01
 -9.50790733e-01 -1.51329841e+00 -2.55482388e+00 -4.53631462e+00]","[1.03393095 1.00533074 0.9939014  0.97988145 0.96742831 0.94583639
 0.92361297 0.88557639]","[-0.28364727 -0.40538401 -0.41009148 -0.38856735 -0.36368884 -0.37801948
 -0.34639961 -0.21339173]"
"2026-08-21T14-48-27_Softplus(beta=1.0, threshold=20.0)_24_3",200,8,8,200,5,"Softplus(beta=1.0, threshold=20.0)",24,1,3.43e-05,0.0157798,7.5e-05,0.0219884,6.73e-05,0.0215237,"[ 1.61396390e+00  4.08141449e-01 -1.01486140e-03 -4.40388504e-01
 -9.33284583e-01 -1.53446266e+00 -2.53579555e+00 -4.74851136e+00]","[1.03328981 1.00589362 0.99282381 0.9804387  0.9686656  0.94465341
 0.92491538 0.88860937]","[-0.29502172 -0.37616407 -0.38328715 -0.36576347 -0.37017958 -0.35122275
 -0.30729925 -0.19385765]"
"2026-08-21T14-48-27_Softplus(beta=1.0, threshold=20.0)_24_4",200,8,8,200,5,"Softplus(beta=1.0, threshold=20.0)",24,1,2.55e-05,0.0134591,5.79e-05,0.0196397,4.91e-05,0.0183757,"[ 1.6198985   0.48596889 -0.00570141 -0.39836761 -0.91356031 -1.49510327
 -2.53018901 -4.74849921]","[1.03420623 1.00515707 0.99210138 0.98088741 0.96806699 0.944945
 0.92276343 0.88661991]","[-0.30116156 -0.424636   -0.42355742 -0.39517997 -0.38057325 -0.36915692
 -0.35272809 -0.23445843]"
"2026-08-21T14-48-27_Softplus(beta=1.0, threshold=20.0)_24_5",200,8,8,200,5,"Softplus(beta=1.0, threshold=20.0)",24,1,3.79e-05,0.0165225,8.99e-05,0.0251658,8.01e-05,0.0240409,"[ 1.55566619  0.38508774  0.01215595 -0.3676695  -0.9754008  -1.50814504
 -2.42475208 -4.87557567]","[1.03313635 1.00490202 0.99265885 0.98053369 0.96873624 0.94485037
 0.92483248 0.88937212]","[-0.28123291 -0.37378046 -0.39749712 -0.40630961 -0.38304704 -0.34887833
 -0.31391545 -0.20728163]"
"2026-08-21T14-48-27_Softplus(beta=1.0, threshold=20.0)_24_6",200,8,8,200,5,"Softplus(beta=1.0, threshold=20.0)",24,1,3.07e-05,0.0147755,6.71e-05,0.0210466,4.8e-05,0.0186385,"[ 1.6178615   0.46662015 -0.01695783 -0.41981075 -0.91748099 -1.50234904
 -2.50375922 -4.72326378]","[1.03338702 1.005564   0.99375915 0.98031863 0.96833688 0.94514486
 0.92319936 0.88966357]","[-0.32835933 -0.38710491 -0.38384848 -0.404419   -0.38353107 -0.34310498
 -0.31232569 -0.19798306]"
"2026-08-21T14-48-27_Softplus(beta=1.0, threshold=20.0)_24_7",200,8,8,200,5,"Softplus(beta=1.0, threshold=20.0)",24,1,2.86e-05,0.0142862,7.03e-05,0.0205204,6.9e-05,0.0211819,"[ 1.61001945e+00  4.78065989e-01 -7.58630108e-04 -3.89711147e-01
 -9.40692732e-01 -1.49777049e+00 -2.52687151e+00 -4.70489296e+00]","[1.03408183 1.00617344 0.99364417 0.98116341 0.96854834 0.94508325
 0.92540248 0.89011237]","[-0.3237071  -0.4209745  -0.41065681 -0.38804482 -0.38179576 -0.37143073
 -0.3061095  -0.18815237]"
"2026-08-21T14-48-27_Softplus(beta=1.0, threshold=20.0)_24_8",200,8,8,200,5,"Softplus(beta=1.0, threshold=20.0)",24,1,4.07e-05,0.0170829,5.24e-05,0.0195005,4.96e-05,0.0191713,"[ 1.55925017e+00  4.78749589e-01  1.75157897e-03 -3.81254722e-01
 -8.96790407e-01 -1.49037224e+00 -2.41314508e+00 -4.81899381e+00]","[1.0316997  1.00495709 0.99325063 0.97882176 0.96914487 0.9446322
 0.9234289  0.8880119 ]","[-0.29063513 -0.38909988 -0.38388217 -0.4248695  -0.36174762 -0.37087807
 -0.42875871 -0.23096245]"
"2026-08-21T14-48-27_Softplus(beta=1.0, threshold=20.0)_24_9",200,8,8,200,5,"Softplus(beta=1.0, threshold=20.0)",24,1,3.4e-05,0.0156658,6.54e-05,0.0222218,7.12e-05,0.0215876,"[ 1.60525386  0.45158426  0.00712946 -0.4238196  -0.93813565 -1.52733308
 -2.42039988 -4.76584501]","[1.0338211  1.00627896 0.99427338 0.97889681 0.96834247 0.94559833
 0.92530824 0.88876977]","[-0.31404003 -0.41708569 -0.38733571 -0.38180467 -0.39139053 -0.35053877
 -0.31776156 -0.18829211]"
"2026-08-21T14-48-27_Softplus(beta=1.0, threshold=20.0)_24_10",200,8,8,200,5,"Softplus(beta=1.0, threshold=20.0)",24,1,2.36e-05,0.013128,4.88e-05,0.0183153,5.98e-05,0.0204235,"[ 1.58220877e+00  5.05468381e-01 -3.66275416e-03 -4.11940091e-01
 -9.24752651e-01 -1.55980013e+00 -2.56467980e+00 -4.68922621e+00]","[1.03439651 1.00331471 0.99381758 0.97920545 0.96743394 0.94346405
 0.92445087 0.88616319]","[-0.27046031 -0.37798633 -0.38056817 -0.39887703 -0.37440413 -0.34604777
 -0.31776682 -0.1881323 ]"
"2026-08-21T14-48-27_Softplus(beta=1.0, threshold=20.0)_24_12",200,8,8,200,5,"Softplus(beta=1.0, threshold=20.0)",24,1,2.88e-05,0.0143853,5.41e-05,0.0190296,6.1e-05,0.020345,"[ 1.59035289  0.45914539  0.01066308 -0.35307219 -0.93430757 -1.49268863
 -2.57925869 -4.66463925]","[1.03607489 1.00598023 0.99279325 0.98136115 0.96854581 0.94523337
 0.9223592  0.88311765]","[-0.32967756 -0.43037582 -0.40127055 -0.39321976 -0.3816293  -0.33488651
 -0.35937887 -0.21060771]"
"2026-08-21T14-48-27_Softplus(beta=1.0, threshold=20.0)_24_13",200,8,8,200,5,"Softplus(beta=1.0, threshold=20.0)",24,1,3.15e-05,0.0150371,5.93e-05,0.0193227,6.03e-05,0.0206862,"[ 1.6037129   0.49539875  0.00568449 -0.39951738 -0.93769617 -1.55811988
 -2.54900357 -4.76108148]","[1.03411159 1.00440891 0.99372077 0.98110126 0.96817343 0.94451585
 0.92303097 0.88350149]","[-0.32480653 -0.36795793 -0.3617014  -0.40683045 -0.38558642 -0.41035889
 -0.33001167 -0.20219957]"
"2026-08-21T14-48-27_Softplus(beta=1.0, threshold=20.0)_24_14",200,8,8,200,5,"Softplus(beta=1.0, threshold=20.0)",24,1,2.89e-05,0.0144714,6.06e-05,0.020851,3.66e-05,0.0162951,"[ 1.593871    0.38078026  0.00506185 -0.39226107 -0.8955863  -1.53020636
 -2.55448821 -4.72628693]","[1.03294702 1.00450675 0.99345371 0.9808758  0.96626623 0.94402549
 0.92296667 0.88371716]","[-0.33577833 -0.43322911 -0.39373634 -0.3916083  -0.38269366 -0.39228302
 -0.34521769 -0.23998652]"
"2026-08-21T14-48-27_Softplus(beta=1.0, threshold=20.0)_24_15",200,8,8,200,5,"Softplus(beta=1.0, threshold=20.0)",24,1,2.67e-05,0.0138586,6.26e-05,0.0212478,7.05e-05,0.0214554,"[ 1.57662397  0.47676897 -0.00822764 -0.42356645 -0.95311857 -1.49243735
 -2.57364654 -4.70716744]","[1.03476748 1.00400524 0.99299322 0.97994762 0.96810589 0.94618142
 0.924204   0.888682  ]","[-0.26278566 -0.36822217 -0.38288064 -0.39535404 -0.36213311 -0.3351929
 -0.31862396 -0.1860737 ]"
"2026-08-21T14-48-27_Softplus(beta=1.0, threshold=20.0)_24_16",200,8,8,200,5,"Softplus(beta=1.0, threshold=20.0)",24,1,3.86e-05,0.0167074,6.6e-05,0.0209747,7.78e-05,0.0229156,"[ 1.55820113e+00  4.10483996e-01 -2.64178368e-03 -3.45004807e-01
 -8.86322516e-01 -1.51212485e+00 -2.51983073e+00 -4.70134064e+00]","[1.03396593 1.00538127 0.99427711 0.98053018 0.96778921 0.94486083
 0.92243528 0.89054834]","[-0.30623875 -0.36772715 -0.37815926 -0.39108691 -0.40455125 -0.39463287
 -0.31766389 -0.192224  ]"
"2026-08-21T14-48-27_Softplus(beta=1.0, threshold=20.0)_24_17",200,8,8,200,5,"Softplus(beta=1.0, threshold=20.0)",24,1,2.56e-05,0.0135651,7.21e-05,0.0212589,5.54e-05,0.0191823,"[ 1.55517729e+00  4.17010677e-01 -2.14460208e-03 -3.72990203e-01
 -8.38597510e-01 -1.48978647e+00 -2.54768105e+00 -4.73244882e+00]","[1.03133418 1.0068273  0.99294362 0.98061064 0.96745799 0.94439855
 0.92367609 0.8881747 ]","[-0.29533319 -0.38914438 -0.39693017 -0.41974764 -0.42005778 -0.36749388
 -0.3168489  -0.2200731 ]"
"2026-08-21T14-48-27_Softplus(beta=1.0, threshold=20.0)_24_18",200,8,8,200,5,"Softplus(beta=1.0, threshold=20.0)",24,1,2.88e-05,0.0143004,5.26e-05,0.0186373,5.57e-05,0.0185941,"[ 1.64782401e+00  5.08947880e-01 -1.35054692e-04 -4.16405733e-01
 -9.22440207e-01 -1.51271978e+00 -2.65286226e+00 -4.66460086e+00]","[1.03613021 1.00645655 0.99299967 0.98116558 0.96868895 0.94340775
 0.92237387 0.88694222]","[-0.27027166 -0.36842886 -0.41699131 -0.43868941 -0.41058756 -0.3963736
 -0.32430413 -0.21763938]"
"2026-08-21T14-48-27_Softplus(beta=1.0, threshold=20.0)_24_19",200,8,8,200,5,"Softplus(beta=1.0, threshold=20.0)",24,1,2.54e-05,0.0135604,5.09e-05,0.0185227,4.04e-05,0.0169603,"[ 1.66408877e+00  3.99169115e-01 -3.47364441e-03 -4.18399767e-01
 -9.29155687e-01 -1.54414032e+00 -2.53933544e+00 -4.74342678e+00]","[1.03622806 1.00557426 0.99286826 0.9802862  0.96794211 0.9446064
 0.92130636 0.88288558]","[-0.31461295 -0.37395196 -0.38534997 -0.4131155  -0.40812914 -0.38577061
 -0.37986266 -0.18560419]"
"2026-08-21T14-48-27_Softplus(beta=1.0, threshold=20.0)_24_20",200,8,8,200,5,"Softplus(beta=1.0, threshold=20.0)",24,1,2.64e-05,0.0137218,7.07e-05,0.0207685,5.49e-05,0.0191918,"[ 1.55088331e+00  4.06115866e-01 -1.79057798e-03 -4.20839908e-01
 -9.28781662e-01 -1.52830886e+00 -2.53281415e+00 -4.68412332e+00]","[1.03229636 1.0061125  0.99318591 0.98076726 0.96878292 0.94508368
 0.92441097 0.89180819]","[-0.30656157 -0.3533205  -0.37773475 -0.37517344 -0.35506399 -0.33425217
 -0.29823473 -0.20182205]"
"2026-08-21T14-48-27_Softplus(beta=1.0, threshold=20.0)_24_21",200,8,8,200,5,"Softplus(beta=1.0, threshold=20.0)",24,1,4.31e-05,0.0176353,0.0001022,0.025859,6.72e-05,0.0210959,"[ 1.59133641e+00  4.40728200e-01  8.12092398e-04 -4.26326533e-01
 -1.00910410e+00 -1.55032214e+00 -2.48879109e+00 -4.67888225e+00]","[1.03450692 1.00625622 0.99402654 0.97786079 0.96809481 0.94406076
 0.92537198 0.8921363 ]","[-0.29389248 -0.37264286 -0.35720707 -0.37040286 -0.32461683 -0.33540841
 -0.2840769  -0.17932615]"
"2026-08-21T14-48-27_Softplus(beta=1.0, threshold=20.0)_24_22",200,8,8,200,5,"Softplus(beta=1.0, threshold=20.0)",24,1,2.59e-05,0.0136657,4.46e-05,0.0169903,5.12e-05,0.018916,"[ 1.56959076  0.44470016  0.01620809 -0.42516582 -0.9292615  -1.48689748
 -2.54514299 -4.78718646]","[1.0319455  1.00598373 0.99280599 0.98099741 0.96851241 0.94398376
 0.9221242  0.88853112]","[-0.27364318 -0.40592006 -0.41516212 -0.38913084 -0.35449359 -0.34863048
 -0.31373208 -0.1854641 ]"
"2026-08-21T14-48-27_Softplus(beta=1.0, threshold=20.0)_24_23",200,8,8,200,5,"Softplus(beta=1.0, threshold=20.0)",24,1,3.48e-05,0.0157572,7.66e-05,0.0229379,8.29e-05,0.0240521,"[ 1.64154231  0.46608379  0.00600644 -0.40399893 -1.0058294  -1.52460261
 -2.6126591  -4.78676634]","[1.03645049 1.0049879  0.99307362 0.9793089  0.96875915 0.94430596
 0.92374895 0.88888017]","[-0.29552155 -0.39119468 -0.40338678 -0.42885286 -0.42160369 -0.40732433
 -0.33474518 -0.19330537]"
"2026-08-21T14-48-27_Softplus(beta=1.0, threshold=20.0)_24_24",200,8,8,200,5,"Softplus(beta=1.0, threshold=20.0)",24,1,2.56e-05,0.0135273,6.75e-05,0.0213052,4.34e-05,0.0174505,"[ 1.61447608e+00  3.99746302e-01  1.82748698e-03 -3.83906427e-01
 -8.93850777e-01 -1.54985788e+00 -2.55949470e+00 -4.75770101e+00]","[1.03247963 1.00437338 0.99221907 0.98070089 0.96788807 0.94413621
 0.9239673  0.88784789]","[-0.28256127 -0.38490344 -0.37998817 -0.36688148 -0.35789405 -0.32636184
 -0.31032911 -0.19083981]"
"2026-08-21T14-48-27_Softplus(beta=1.0, threshold=20.0)_24_25",200,8,8,200,5,"Softplus(beta=1.0, threshold=20.0)",24,1,3.78e-05,0.0165691,8.17e-05,0.0231632,8.46e-05,0.0217937,"[ 1.60232282e+00  4.77380910e-01 -1.37240276e-03 -3.88466046e-01
 -9.23270304e-01 -1.50632520e+00 -2.55528041e+00 -4.72943552e+00]","[1.03497712 1.00392689 0.99249701 0.98100507 0.96872242 0.94514545
 0.92386528 0.8881631 ]","[-0.27053997 -0.35703603 -0.40125934 -0.37563507 -0.35912434 -0.37272463
 -0.31093317 -0.20159671]"
"2026-08-21T14-48-27_Softplus(beta=1.0, threshold=20.0)_24_26",200,8,8,200,5,"Softplus(beta=1.0, threshold=20.0)",24,1,3.1e-05,0.0149575,6.49e-05,0.0209459,5.96e-05,0.0198825,"[ 1.52394324e+00  4.38436634e-01  2.55811088e-03 -4.71116103e-01
 -9.73664377e-01 -1.54838886e+00 -2.52268555e+00 -4.70535436e+00]","[1.03635395 1.00529109 0.99321938 0.9801414  0.96827434 0.94506165
 0.92398426 0.88745143]","[-0.26638123 -0.34865811 -0.35647849 -0.39861269 -0.40898447 -0.33828247
 -0.32665687 -0.19415239]"
"2026-08-21T14-48-27_Softplus(beta=1.0, threshold=20.0)_24_27",200,8,8,200,5,"Softplus(beta=1.0, threshold=20.0)",24,1,3.49e-05,0.0159242,6.31e-05,0.0213416,6.62e-05,0.0213896,"[ 1.57530599  0.45008664  0.00580013 -0.37788566 -0.97717932 -1.48442156
 -2.62702663 -4.70676531]","[1.03501084 1.00640286 0.99306612 0.97961125 0.96715093 0.94411453
 0.92296627 0.88970927]","[-0.28473307 -0.40482523 -0.40622474 -0.43435877 -0.39330892 -0.35825285
 -0.29612775 -0.21076484]"
"2026-08-21T14-48-27_Softplus(beta=1.0, threshold=20.0)_24_28",200,8,8,200,5,"Softplus(beta=1.0, threshold=20.0)",24,1,2.8e-05,0.0141589,4.43e-05,0.0174666,4.46e-05,0.0180512,"[ 1.61119879e+00  4.56825485e-01  3.67889197e-03 -4.09776880e-01
 -9.16550737e-01 -1.48582457e+00 -2.52856021e+00 -4.67669287e+00]","[1.03599921 1.00507419 0.99294951 0.98070484 0.96895862 0.94343931
 0.92376107 0.89132386]","[-0.3030618  -0.40327506 -0.40621279 -0.39710254 -0.38159371 -0.33450869
 -0.30601103 -0.20908477]"
"2026-08-21T14-48-27_Softplus(beta=1.0, threshold=20.0)_24_29",200,8,8,200,5,"Softplus(beta=1.0, threshold=20.0)",24,1,2.28e-05,0.0127264,4.48e-05,0.018066,3.91e-05,0.0167736,"[ 1.63472426e+00  4.87956270e-01  3.50126288e-03 -4.44316969e-01
 -9.61478256e-01 -1.55564142e+00 -2.50785076e+00 -4.70843117e+00]","[1.0335137  1.00549272 0.99328513 0.98058294 0.96912824 0.94394512
 0.92306364 0.88671774]","[-0.30348381 -0.39704542 -0.38021644 -0.3850354  -0.35580473 -0.38230272
 -0.3289407  -0.19579455]"
"2026-08-21T14-48-27_Softplus(beta=1.0, threshold=20.0)_24_30",200,8,8,200,5,"Softplus(beta=1.0, threshold=20.0)",24,1,2.72e-05,0.013961,5.41e-05,0.0190669,5.37e-05,0.0189854,"[ 1.62433001  0.50625676 -0.00485442 -0.41872323 -0.88651775 -1.51237351
 -2.5163822  -4.75889594]","[1.03402955 1.00361611 0.99354607 0.9805665  0.96833055 0.94566511
 0.92482969 0.88852647]","[-0.31346212 -0.3709259  -0.3503136  -0.39519257 -0.39833821 -0.3318782
 -0.30565005 -0.19252803]"
"2026-08-21T14-48-27_Softplus(beta=1.0, threshold=20.0)_24_31",200,8,8,200,5,"Softplus(beta=1.0, threshold=20.0)",24,1,2.8e-05,0.0140261,5.86e-05,0.0201313,7.56e-05,0.0214794,"[ 1.49490092e+00  4.32905736e-01 -3.08908045e-03 -4.21447001e-01
 -9.05226345e-01 -1.47327909e+00 -2.43413049e+00 -4.72426059e+00]","[1.03367609 1.00490087 0.99301326 0.98127512 0.96919599 0.94554116
 0.9248072  0.88969079]","[-0.31713425 -0.41181125 -0.39427947 -0.40379478 -0.37398136 -0.32664144
 -0.29046629 -0.17830572]"
"2026-08-21T14-48-27_Softplus(beta=1.0, threshold=20.0)_24_32",200,8,8,200,5,"Softplus(beta=1.0, threshold=20.0)",24,1,2.57e-05,0.0134481,5.85e-05,0.0201015,6.07e-05,0.0205095,"[ 1.53624842  0.38852834 -0.00628252 -0.44567017 -0.94918084 -1.46767377
 -2.55180767 -4.69426951]","[1.03369998 1.005839   0.99351976 0.97891881 0.96868859 0.945298
 0.92568212 0.89048214]","[-0.25714903 -0.36487112 -0.38071854 -0.37723889 -0.34755832 -0.36772745
 -0.31055535 -0.19027905]"
"2026-08-21T14-48-27_Softplus(beta=1.0, threshold=20.0)_24_33",200,8,8,200,5,"Softplus(beta=1.0, threshold=20.0)",24,1,2.95e-05,0.0146076,4.82e-05,0.0185698,7.96e-05,0.0235191,"[ 1.65137324  0.48490425 -0.00740946 -0.34411327 -0.87358415 -1.48237758
 -2.5674572  -4.89243806]","[1.03425237 1.00371809 0.99345545 0.98034517 0.96748473 0.94443484
 0.92039822 0.88053403]","[-0.38264733 -0.44635648 -0.45814059 -0.44620095 -0.4350868  -0.41006871
 -0.39420896 -0.20493114]"
"2026-08-21T14-48-27_Softplus(beta=1.0, threshold=20.0)_24_34",200,8,8,200,5,"Softplus(beta=1.0, threshold=20.0)",24,1,2.59e-05,0.0136681,4.58e-05,0.0176246,5.62e-05,0.0195831,"[ 1.57001544e+00  4.48967659e-01  5.65552881e-04 -4.20038107e-01
 -8.94475318e-01 -1.54734302e+00 -2.49188959e+00 -4.74714294e+00]","[1.03558918 1.00455254 0.99340575 0.9801867  0.96823273 0.94461919
 0.92374172 0.88872171]","[-0.27080922 -0.37364005 -0.34929982 -0.41204633 -0.37253994 -0.40295419
 -0.3382142  -0.19757548]"
"2026-08-21T14-48-27_Softplus(beta=1.0, threshold=20.0)_24_35",200,8,8,200,5,"Softplus(beta=1.0, threshold=20.0)",24,1,3.61e-05,0.0162922,6.24e-05,0.0208698,6.54e-05,0.0206858,"[ 1.54780659e+00  4.23077971e-01 -3.08048137e-04 -4.09065300e-01
 -9.39418168e-01 -1.46613120e+00 -2.46087980e+00 -4.70270740e+00]","[1.03461718 1.0044333  0.99328238 0.9808063  0.96882386 0.94419773
 0.9234166  0.88508479]","[-0.30682157 -0.38331331 -0.40959901 -0.42875519 -0.40654246 -0.36726547
 -0.32539713 -0.22463244]"
"2026-08-21T14-48-27_Softplus(beta=1.0, threshold=20.0)_24_36",200,8,8,200,5,"Softplus(beta=1.0, threshold=20.0)",24,1,2.79e-05,0.0140626,4.47e-05,0.0180031,4.5e-05,0.0177003,"[ 1.52030795  0.50178238  0.00769164 -0.42599043 -0.88385206 -1.50135158
 -2.52305995 -4.70843882]","[1.03432295 1.00624399 0.99374725 0.98091582 0.9686365  0.94460839
 0.92399786 0.88607948]","[-0.28973491 -0.37838963 -0.36575216 -0.37005634 -0.35765449 -0.35723379
 -0.34991252 -0.22411165]"
"2026-08-21T14-48-27_Softplus(beta=1.0, threshold=20.0)_24_37",200,8,8,200,5,"Softplus(beta=1.0, threshold=20.0)",24,1,3.77e-05,0.0163434,7.99e-05,0.0232973,7.69e-05,0.0228585,"[ 1.54305065e+00  4.29598064e-01 -6.67213273e-04 -4.20022735e-01
 -8.95675784e-01 -1.50088614e+00 -2.54554248e+00 -4.73922336e+00]","[1.03714894 1.00363075 0.99234591 0.98090374 0.96702801 0.94378514
 0.92075959 0.88031856]","[-0.30923988 -0.39933686 -0.41309893 -0.38798773 -0.39252612 -0.38974031
 -0.3258228  -0.23564869]"
"2026-08-21T14-48-27_Softplus(beta=1.0, threshold=20.0)_24_38",200,8,8,200,5,"Softplus(beta=1.0, threshold=20.0)",24,1,2.99e-05,0.0147786,5.13e-05,0.0188003,5.64e-05,0.019632,"[ 1.56681636e+00  4.33188953e-01  4.34497917e-03 -4.24003207e-01
 -9.85954267e-01 -1.45216536e+00 -2.49658993e+00 -4.72283529e+00]","[1.03605434 1.00512392 0.99316325 0.97953869 0.96914325 0.94490461
 0.92524335 0.89101514]","[-0.28838924 -0.42299251 -0.38763477 -0.41032563 -0.35366855 -0.34898392
 -0.29342088 -0.19120195]"
"2026-08-21T14-48-27_Softplus(beta=1.0, threshold=20.0)_24_39",200,8,8,200,5,"Softplus(beta=1.0, threshold=20.0)",24,1,2.62e-05,0.0137522,5e-05,0.0177311,6.32e-05,0.02026,"[ 1.63686704  0.46023566 -0.01217502 -0.42006194 -0.89146954 -1.52092439
 -2.56368802 -4.71693495]","[1.03505206 1.00481143 0.99315199 0.98125401 0.96808369 0.94420726
 0.92291995 0.88348466]","[-0.28810285 -0.39546554 -0.37100469 -0.38576369 -0.37349881 -0.4218593
 -0.35289423 -0.21417384]"
"2026-08-21T14-48-27_Softplus(beta=1.0, threshold=20.0)_24_40",200,8,8,200,5,"Softplus(beta=1.0, threshold=20.0)",24,1,2.84e-05,0.0142435,5.05e-05,0.0189631,6.41e-05,0.0203409,"[ 1.57649755  0.39303768 -0.01059651 -0.37692893 -0.88498263 -1.52322257
 -2.52083257 -4.69330317]","[1.03320073 1.00474525 0.99270811 0.97986231 0.9690993  0.94513726
 0.92374149 0.88672536]","[-0.32903559 -0.3848793  -0.39302037 -0.3852699  -0.36283282 -0.35093688
 -0.28532984 -0.18895685]"
"2026-08-21T14-48-27_Softplus(beta=1.0, threshold=20.0)_24_41",200,8,8,200,5,"Softplus(beta=1.0, threshold=20.0)",24,1,2.98e-05,0.0147023,5.86e-05,0.0206388,3.8e-05,0.0163034,"[ 1.56407082e+00  5.11369083e-01  2.93136210e-03 -4.85474734e-01
 -9.81656357e-01 -1.51746835e+00 -2.52345517e+00 -4.68546504e+00]","[1.03411133 1.00539967 0.99363747 0.97995167 0.9686024  0.94462607
 0.9238657  0.88936345]","[-0.32322363 -0.35092284 -0.34090708 -0.36151173 -0.35014965 -0.3486883
 -0.30416845 -0.19922563]"
"2026-08-21T14-48-27_Softplus(beta=1.0, threshold=20.0)_24_42",200,8,8,200,5,"Softplus(beta=1.0, threshold=20.0)",24,1,4.19e-05,0.0173752,9.5e-05,0.0246282,0.0001056,0.02602,"[ 1.54471314  0.4527249   0.01243339 -0.38354218 -0.86601753 -1.47513045
 -2.45800262 -4.67763484]","[1.03117788 1.00426695 0.99369276 0.981225   0.96756711 0.94544171
 0.92457236 0.89031318]","[-0.30722639 -0.40155262 -0.38067016 -0.38753376 -0.36688057 -0.38047353
 -0.36599238 -0.1984257 ]"
"2026-08-21T14-48-27_Softplus(beta=1.0, threshold=20.0)_24_43",200,8,8,200,5,"Softplus(beta=1.0, threshold=20.0)",24,1,3.52e-05,0.0160122,7.03e-05,0.0218715,9.39e-05,0.0236909,"[ 1.52015828  0.4935885   0.01856807 -0.4407566  -0.93764969 -1.53313041
 -2.44069021 -4.73166276]","[1.03296809 1.00587339 0.99377554 0.98084001 0.96891486 0.94443833
 0.92415529 0.8894119 ]","[-0.30820721 -0.40330592 -0.40021333 -0.38400188 -0.37232878 -0.3583377
 -0.3068999  -0.18609921]"
"2026-08-21T14-48-27_Softplus(beta=1.0, threshold=20.0)_24_44",200,8,8,200,5,"Softplus(beta=1.0, threshold=20.0)",24,1,3.93e-05,0.016799,6.08e-05,0.020578,8.58e-05,0.0239814,"[ 1.55913027e+00  3.83394295e-01 -4.57157418e-04 -4.47120860e-01
 -9.65680137e-01 -1.52706139e+00 -2.53561085e+00 -4.65553341e+00]","[1.03692292 1.00426862 0.99310704 0.9789135  0.96891705 0.94513713
 0.92249989 0.89111529]","[-0.27517895 -0.38511739 -0.38459658 -0.38021527 -0.3685837  -0.35432857
 -0.29782573 -0.19214945]"
"2026-08-21T14-48-27_Softplus(beta=1.0, threshold=20.0)_24_45",200,8,8,200,5,"Softplus(beta=1.0, threshold=20.0)",24,1,2.93e-05,0.0145449,4.49e-05,0.0178358,5.39e-05,0.0195682,"[ 1.57317543e+00  4.13213863e-01  3.38613957e-03 -4.09808852e-01
 -8.76235645e-01 -1.48751903e+00 -2.46736605e+00 -4.78295739e+00]","[1.03428613 1.0053925  0.99302079 0.98125069 0.96828572 0.94537112
 0.92288564 0.88588574]","[-0.29635015 -0.35238056 -0.38227076 -0.37356451 -0.38051498 -0.35772305
 -0.32449581 -0.18994223]"
"2026-08-21T14-48-27_Softplus(beta=1.0, threshold=20.0)_24_46",200,8,8,200,5,"Softplus(beta=1.0, threshold=20.0)",24,1,2.92e-05,0.0145173,6.32e-05,0.0217305,5.39e-05,0.0186753,"[ 1.57298632  0.42073789  0.00722818 -0.38096786 -0.92292374 -1.48892049
 -2.53367954 -4.7194017 ]","[1.0349274  1.00440007 0.99336353 0.98058961 0.96803317 0.94168653
 0.92209872 0.88552312]","[-0.27617693 -0.40018728 -0.40767105 -0.39870047 -0.40548472 -0.43714035
 -0.31469449 -0.18567323]"
"2026-08-21T14-48-27_Softplus(beta=1.0, threshold=20.0)_24_47",200,8,8,200,5,"Softplus(beta=1.0, threshold=20.0)",24,1,2.6e-05,0.0135459,4.23e-05,0.0169484,5.96e-05,0.019254,"[ 1.61328575e+00  4.56672012e-01 -2.06781266e-03 -4.29497061e-01
 -9.54108691e-01 -1.52516000e+00 -2.53138320e+00 -4.75405608e+00]","[1.03365778 1.00504286 0.99322712 0.98042196 0.96888239 0.94539915
 0.92371489 0.8850832 ]","[-0.29186089 -0.38810321 -0.39979571 -0.4123031  -0.39401567 -0.35865708
 -0.32084197 -0.17557168]"
"2026-08-21T14-48-27_Softplus(beta=1.0, threshold=20.0)_24_48",200,8,8,200,5,"Softplus(beta=1.0, threshold=20.0)",24,1,3.34e-05,0.0156492,0.0001049,0.0251508,9.4e-05,0.0225223,"[ 1.55887094  0.47655625  0.00796979 -0.41888506 -0.90936254 -1.50763036
 -2.47473942 -4.72877159]","[1.03382014 1.00461317 0.99374049 0.97848929 0.96928181 0.94504057
 0.92369076 0.88571448]","[-0.3242147  -0.40528    -0.41403342 -0.37574698 -0.35315832 -0.34555351
 -0.29996489 -0.18562499]"
"2026-08-21T14-48-27_Softplus(beta=1.0, threshold=20.0)_24_49",200,8,8,200,5,"Softplus(beta=1.0, threshold=20.0)",24,1,2.96e-05,0.0143854,5.09e-05,0.018926,4.28e-05,0.0175698,"[ 1.66534042e+00  4.48435795e-01 -2.57555276e-03 -4.26733682e-01
 -9.47659211e-01 -1.51959773e+00 -2.58746386e+00 -4.66908345e+00]","[1.03658796 1.00545683 0.99308223 0.98011451 0.96921661 0.94604498
 0.92282791 0.88697752]","[-0.30345542 -0.39218815 -0.37843357 -0.40154985 -0.37286842 -0.34775364
 -0.31509143 -0.21375177]"
"2026-08-21T14-48-27_Softplus(beta=1.0, threshold=20.0)_24_50",200,8,8,200,5,"Softplus(beta=1.0, threshold=20.0)",24,1,2.7e-05,0.0139951,6.08e-05,0.0204914,4.97e-05,0.0185257,"[ 1.58514191e+00  3.82176079e-01 -8.54475137e-04 -3.88295488e-01
 -9.24523679e-01 -1.49126061e+00 -2.53332404e+00 -4.72173891e+00]","[1.03478433 1.00416103 0.99289915 0.98081282 0.96884514 0.94404
 0.92190408 0.88463781]","[-0.27068707 -0.38218406 -0.40099195 -0.41770667 -0.37577628 -0.36088529
 -0.31968468 -0.21528552]"
"2026-08-21T21-46-52_Softplus(beta=1.0, threshold=20.0)_32_1",200,8,8,200,5,"Softplus(beta=1.0, threshold=20.0)",32,1,1.7e-05,0.0110222,2.75e-05,0.0133106,4.39e-05,0.017533,"[ 1.62308973e+00  4.14359480e-01  1.44026178e-04 -4.63848950e-01
 -9.68353375e-01 -1.48708197e+00 -2.56736241e+00 -4.70499911e+00]","[1.03613772 1.00368737 0.99282424 0.98040117 0.96874694 0.94422334
 0.92293088 0.88570972]","[-0.30554918 -0.36911303 -0.3614752  -0.37471763 -0.35038026 -0.32813805
 -0.31417573 -0.2173422 ]"
"2026-08-21T21-46-52_Softplus(beta=1.0, threshold=20.0)_32_2",200,8,8,200,5,"Softplus(beta=1.0, threshold=20.0)",32,1,1.8e-05,0.0113694,3.58e-05,0.0154981,3.5e-05,0.016012,"[ 1.60354576  0.4381929  -0.0142727  -0.42678523 -0.91644276 -1.56152922
 -2.45065253 -4.78615371]","[1.03483278 1.00657469 0.99297396 0.98042554 0.96844701 0.94485723
 0.9238488  0.88539358]","[-0.27020858 -0.34931062 -0.35602162 -0.37531757 -0.38341493 -0.35568009
 -0.30900358 -0.19810488]"
"2026-08-21T21-46-52_Softplus(beta=1.0, threshold=20.0)_32_3",200,8,8,200,5,"Softplus(beta=1.0, threshold=20.0)",32,1,1.76e-05,0.0113024,4.49e-05,0.0171224,3.7e-05,0.0160404,"[ 1.54179115e+00  3.77210767e-01 -4.31745700e-03 -4.61365255e-01
 -9.69487955e-01 -1.60093407e+00 -2.55506327e+00 -4.69846668e+00]","[1.03495304 1.00291663 0.99238282 0.98070025 0.96821179 0.94300415
 0.92486673 0.88668035]","[-0.29260388 -0.38360007 -0.36792532 -0.35463144 -0.34516439 -0.34438405
 -0.29892953 -0.19269313]"
"2026-08-21T21-46-52_Softplus(beta=1.0, threshold=20.0)_32_4",200,8,8,200,5,"Softplus(beta=1.0, threshold=20.0)",32,1,1.57e-05,0.0106173,4.59e-05,0.0170127,3.67e-05,0.0160046,"[ 1.58567819e+00  4.48090918e-01  3.26913314e-03 -3.95466438e-01
 -9.49028559e-01 -1.48077753e+00 -2.50817962e+00 -4.78113068e+00]","[1.03531394 1.00434888 0.99272286 0.98119967 0.96923363 0.94523117
 0.92414196 0.88582659]","[-0.30495175 -0.40908799 -0.38499003 -0.38402769 -0.35907913 -0.36931826
 -0.33640238 -0.18739846]"
"2026-08-21T21-46-52_Softplus(beta=1.0, threshold=20.0)_32_5",200,8,8,200,5,"Softplus(beta=1.0, threshold=20.0)",32,1,1.5e-05,0.0103865,3.94e-05,0.0167672,4.25e-05,0.0173504,"[ 1.5743781   0.40922813  0.00495068 -0.50080409 -0.95481589 -1.53150001
 -2.51585774 -4.80736179]","[1.03460488 1.00346788 0.99297042 0.98056121 0.96912586 0.94352692
 0.92230624 0.88687518]","[-0.30640651 -0.39902231 -0.37959712 -0.39374757 -0.352192   -0.34006916
 -0.2825193  -0.18363657]"
"2026-08-21T21-46-52_Softplus(beta=1.0, threshold=20.0)_32_6",200,8,8,200,5,"Softplus(beta=1.0, threshold=20.0)",32,1,1.6e-05,0.0107945,4.03e-05,0.0165028,3.3e-05,0.0149826,"[ 1.52847178  0.45608313 -0.0140887  -0.46080124 -0.98667927 -1.55778141
 -2.46847246 -4.74337856]","[1.03363003 1.00364459 0.99378425 0.98106868 0.96856244 0.94424125
 0.92484786 0.88901682]","[-0.27754909 -0.37838592 -0.37348043 -0.36378031 -0.33792406 -0.33118273
 -0.28029547 -0.19428663]"
"2026-08-21T21-46-52_Softplus(beta=1.0, threshold=20.0)_32_7",200,8,8,200,5,"Softplus(beta=1.0, threshold=20.0)",32,1,1.39e-05,0.0100342,4.2e-05,0.0166577,3.73e-05,0.0162227,"[ 1.55717589  0.45216439  0.00497954 -0.45551315 -0.96373354 -1.51761003
 -2.54725778 -4.74773195]","[1.03577759 1.00378071 0.99321337 0.98094727 0.96868606 0.94364048
 0.92318612 0.88701574]","[-0.29870871 -0.39528439 -0.4141019  -0.38266891 -0.4093392  -0.39303615
 -0.31794143 -0.19793458]"
"2026-08-21T21-46-52_Softplus(beta=1.0, threshold=20.0)_32_8",200,8,8,200,5,"Softplus(beta=1.0, threshold=20.0)",32,1,2e-05,0.0119839,3.23e-05,0.0147428,3.03e-05,0.0146694,"[ 1.58448053  0.41126095 -0.01760561 -0.38954332 -0.94887002 -1.44166709
 -2.50446562 -4.78006199]","[1.03543375 1.0039748  0.99329718 0.9803954  0.96930025 0.94361885
 0.9241925  0.88785785]","[-0.29471272 -0.36731519 -0.36752846 -0.38911349 -0.36019612 -0.38223948
 -0.34842941 -0.1873744 ]"
"2026-08-21T21-46-52_Softplus(beta=1.0, threshold=20.0)_32_9",200,8,8,200,5,"Softplus(beta=1.0, threshold=20.0)",32,1,1.72e-05,0.0110435,4.41e-05,0.0174017,3.01e-05,0.0144147,"[ 1.56673443e+00  4.61284104e-01  4.27870340e-03 -4.46494313e-01
 -9.80249871e-01 -1.54875132e+00 -2.51944288e+00 -4.78947910e+00]","[1.03469701 1.00492438 0.99292962 0.98015478 0.96934727 0.94380397
 0.92314769 0.8878408 ]","[-0.28878057 -0.36356956 -0.37429106 -0.35579495 -0.34249255 -0.37217645
 -0.31332382 -0.17488577]"
"2026-08-21T21-46-52_Softplus(beta=1.0, threshold=20.0)_32_10",200,8,8,200,5,"Softplus(beta=1.0, threshold=20.0)",32,1,1.62e-05,0.0108656,3.44e-05,0.0152041,4.82e-05,0.0182171,"[ 1.55442626e+00  4.69720918e-01  3.65982094e-04 -3.53186860e-01
 -9.34028250e-01 -1.51501786e+00 -2.58493300e+00 -4.77545694e+00]","[1.03473411 1.00512365 0.99274536 0.98092186 0.96837169 0.94446925
 0.92395767 0.88151053]","[-0.28955067 -0.41345376 -0.40920198 -0.41582055 -0.35350988 -0.37275684
 -0.32126439 -0.19284788]"
"2026-08-21T21-46-52_Softplus(beta=1.0, threshold=20.0)_32_11",200,8,8,200,5,"Softplus(beta=1.0, threshold=20.0)",32,1,1.58e-05,0.010631,3.74e-05,0.0159708,4.68e-05,0.0175768,"[ 1.59055906  0.42804735 -0.00925477 -0.46517363 -0.9714956  -1.5167978
 -2.48126597 -4.74856765]","[1.03440245 1.00516737 0.99236196 0.98049885 0.96892436 0.94451826
 0.92520035 0.88803793]","[-0.31068607 -0.39055996 -0.3646315  -0.36655372 -0.35739562 -0.35332659
 -0.30701302 -0.18411409]"
"2026-08-21T21-46-52_Softplus(beta=1.0, threshold=20.0)_32_12",200,8,8,200,5,"Softplus(beta=1.0, threshold=20.0)",32,1,1.54e-05,0.0104211,3.64e-05,0.0152528,3.87e-05,0.0166681,"[ 1.62243527e+00  4.44784220e-01  2.45137261e-03 -4.51245302e-01
 -9.65648231e-01 -1.54581287e+00 -2.59161301e+00 -4.73160655e+00]","[1.03390716 1.00460756 0.9927871  0.98027533 0.96881783 0.94464761
 0.92257112 0.88502639]","[-0.29867894 -0.3799103  -0.38028628 -0.38707766 -0.3690421  -0.35913308
 -0.31914244 -0.20141027]"
"2026-08-21T21-46-52_Softplus(beta=1.0, threshold=20.0)_32_13",200,8,8,200,5,"Softplus(beta=1.0, threshold=20.0)",32,1,1.81e-05,0.0113707,4.16e-05,0.0163136,3.57e-05,0.0158919,"[ 1.60980660e+00  4.62083832e-01 -3.79984255e-03 -4.47708410e-01
 -9.53728933e-01 -1.54670303e+00 -2.59612114e+00 -4.64218535e+00]","[1.0353605  1.00494569 0.9931236  0.98073752 0.96889235 0.94478274
 0.92281732 0.88423914]","[-0.27874218 -0.35287803 -0.35327185 -0.35000017 -0.33741525 -0.36750151
 -0.32222133 -0.20600155]"
"2026-08-21T21-46-52_Softplus(beta=1.0, threshold=20.0)_32_14",200,8,8,200,5,"Softplus(beta=1.0, threshold=20.0)",32,1,1.91e-05,0.0117288,4.27e-05,0.0175664,2.84e-05,0.0146343,"[ 1.5831823   0.4472236   0.00474899 -0.43646553 -0.92524696 -1.5217129
 -2.56273683 -4.72992228]","[1.03372253 1.0043547  0.99356088 0.98099154 0.96884522 0.94485649
 0.92462388 0.88540446]","[-0.31118874 -0.3836934  -0.38372374 -0.37991809 -0.35830905 -0.34751073
 -0.30608827 -0.19411472]"
"2026-08-21T21-46-52_Softplus(beta=1.0, threshold=20.0)_32_15",200,8,8,200,5,"Softplus(beta=1.0, threshold=20.0)",32,1,1.76e-05,0.0112722,4.66e-05,0.0179534,3.82e-05,0.0159447,"[ 1.66400783  0.43858541  0.00481044 -0.37760883 -0.92140104 -1.50979938
 -2.5922179  -4.7279182 ]","[1.03440187 1.00535818 0.99338446 0.98096393 0.9695243  0.94336826
 0.92127652 0.88571232]","[-0.29614268 -0.38913732 -0.39621339 -0.40884775 -0.37720018 -0.37451267
 -0.34307749 -0.19827026]"
"2026-08-21T21-46-52_Softplus(beta=1.0, threshold=20.0)_32_16",200,8,8,200,5,"Softplus(beta=1.0, threshold=20.0)",32,1,1.79e-05,0.0113388,3.33e-05,0.0153236,3.62e-05,0.0158013,"[ 1.56284377e+00  4.37883324e-01  3.79328447e-03 -4.32238173e-01
 -9.47459953e-01 -1.56145448e+00 -2.55626435e+00 -4.65979291e+00]","[1.03653708 1.00449551 0.99328572 0.98112544 0.96791868 0.94544044
 0.92457206 0.88695558]","[-0.28912792 -0.364796   -0.36405605 -0.35785521 -0.31717444 -0.32220851
 -0.30794135 -0.19128988]"
"2026-08-21T21-46-52_Softplus(beta=1.0, threshold=20.0)_32_17",200,8,8,200,5,"Softplus(beta=1.0, threshold=20.0)",32,1,1.48e-05,0.010358,5.65e-05,0.0181846,4.06e-05,0.0162043,"[ 1.63201457  0.42952451  0.00484099 -0.41110238 -0.93055502 -1.53246263
 -2.54307469 -4.73803622]","[1.03522372 1.0053426  0.99331963 0.98052604 0.96814704 0.94459646
 0.9234984  0.88656636]","[-0.3266828  -0.37397877 -0.39921038 -0.42657382 -0.38166795 -0.35622182
 -0.34204354 -0.18985567]"
"2026-08-21T21-46-52_Softplus(beta=1.0, threshold=20.0)_32_18",200,8,8,200,5,"Softplus(beta=1.0, threshold=20.0)",32,1,1.6e-05,0.0106959,3.76e-05,0.0156585,3.51e-05,0.0153227,"[ 1.54545010e+00  4.29343820e-01 -2.61711099e-04 -4.53540196e-01
 -9.18969158e-01 -1.51339998e+00 -2.48034569e+00 -4.81926096e+00]","[1.03504622 1.00494573 0.99271336 0.980618   0.96806101 0.94450329
 0.92317028 0.88795126]","[-0.26776105 -0.36146735 -0.38677488 -0.38209339 -0.35065161 -0.3575011
 -0.30237289 -0.17320648]"
"2026-08-21T21-46-52_Softplus(beta=1.0, threshold=20.0)_32_19",200,8,8,200,5,"Softplus(beta=1.0, threshold=20.0)",32,1,1.74e-05,0.0112217,3.59e-05,0.0153298,3.42e-05,0.0151744,"[ 1.57053885  0.44268239  0.00725909 -0.45521697 -1.03699409 -1.57193774
 -2.5534742  -4.72577641]","[1.03589032 1.00460375 0.99295903 0.98053707 0.9690785  0.94511191
 0.92357266 0.88842324]","[-0.2958233  -0.37768733 -0.35957739 -0.36133601 -0.33808166 -0.33115735
 -0.32836293 -0.18435226]"
"2026-08-21T21-46-52_Softplus(beta=1.0, threshold=20.0)_32_20",200,8,8,200,5,"Softplus(beta=1.0, threshold=20.0)",32,1,1.6e-05,0.0106945,5.16e-05,0.018114,3.37e-05,0.0152866,"[ 1.59101043  0.40170626 -0.01293232 -0.47111237 -0.93591918 -1.499866
 -2.51553431 -4.82442328]","[1.03413254 1.00525816 0.99331781 0.9803352  0.96925023 0.94516159
 0.9228084  0.88835034]","[-0.28247648 -0.37912967 -0.3756195  -0.38144176 -0.34365049 -0.35969993
 -0.30330665 -0.18013306]"
"2026-08-21T21-46-52_Softplus(beta=1.0, threshold=20.0)_32_21",200,8,8,200,5,"Softplus(beta=1.0, threshold=20.0)",32,1,1.74e-05,0.0112412,4.52e-05,0.017015,3.7e-05,0.0162009,"[ 1.56205753e+00  5.14112050e-01 -1.86496940e-03 -4.49946540e-01
 -1.07537633e+00 -1.57530770e+00 -2.55327397e+00 -4.76083517e+00]","[1.03452992 1.00482201 0.9926861  0.98095417 0.9684138  0.94405484
 0.92324464 0.88676307]","[-0.29207258 -0.37704157 -0.3739726  -0.37309352 -0.36849574 -0.32386125
 -0.30654004 -0.19008183]"
"2026-08-21T21-46-52_Softplus(beta=1.0, threshold=20.0)_32_22",200,8,8,200,5,"Softplus(beta=1.0, threshold=20.0)",32,1,1.65e-05,0.0109268,3.61e-05,0.0151829,3.86e-05,0.0162543,"[ 1.57221823e+00  3.96310457e-01  1.21050217e-03 -4.00561766e-01
 -9.20001599e-01 -1.50031496e+00 -2.56178572e+00 -4.74390358e+00]","[1.03509875 1.00490751 0.99313364 0.98122269 0.96881434 0.94283322
 0.9236989  0.88699194]","[-0.30403487 -0.37160218 -0.37601878 -0.37623628 -0.35339656 -0.33519803
 -0.31730757 -0.19843555]"
"2026-08-21T21-46-52_Softplus(beta=1.0, threshold=20.0)_32_23",200,8,8,200,5,"Softplus(beta=1.0, threshold=20.0)",32,1,1.66e-05,0.0107914,3.63e-05,0.0160159,4.1e-05,0.0167387,"[ 1.56498452  0.42946079 -0.01097318 -0.41865012 -0.9677045  -1.55121658
 -2.49981355 -4.87267052]","[1.03497222 1.0052042  0.99318083 0.98114208 0.96874605 0.94436213
 0.92380247 0.88574536]","[-0.31358939 -0.38404454 -0.37403499 -0.36025027 -0.34494689 -0.36777437
 -0.29602732 -0.18323637]"
"2026-08-21T21-46-52_Softplus(beta=1.0, threshold=20.0)_32_24",200,8,8,200,5,"Softplus(beta=1.0, threshold=20.0)",32,1,1.77e-05,0.0112148,4.88e-05,0.0184114,3.31e-05,0.0149386,"[ 1.62664931  0.41583144  0.00707164 -0.43653916 -0.92329166 -1.52255765
 -2.66238427 -4.68249652]","[1.03559812 1.00563916 0.99374839 0.98060864 0.96816473 0.94529925
 0.92347058 0.88761592]","[-0.30959676 -0.38637986 -0.37906236 -0.35677116 -0.34882571 -0.32273897
 -0.29354281 -0.19389903]"
"2026-08-21T21-46-52_Softplus(beta=1.0, threshold=20.0)_32_25",200,8,8,200,5,"Softplus(beta=1.0, threshold=20.0)",32,1,1.56e-05,0.0107053,5.64e-05,0.0179691,4.68e-05,0.0173043,"[ 1.58177973  0.46255336  0.00893585 -0.34700744 -0.8934479  -1.51817545
 -2.49324339 -4.7954533 ]","[1.03271965 1.00221652 0.99314066 0.98057262 0.9690367  0.94385818
 0.92279215 0.88689744]","[-0.30393639 -0.42521848 -0.38986908 -0.39574697 -0.35629477 -0.35228666
 -0.33254388 -0.22242746]"
"2026-08-21T21-46-52_Softplus(beta=1.0, threshold=20.0)_32_27",200,8,8,200,5,"Softplus(beta=1.0, threshold=20.0)",32,1,2.04e-05,0.0120657,3.47e-05,0.0155442,4.2e-05,0.0170313,"[ 1.52847338  0.41742732 -0.00542409 -0.40848679 -0.94790059 -1.51794114
 -2.50886762 -4.76041076]","[1.03520663 1.00401651 0.99279433 0.98052463 0.96801903 0.94407197
 0.92329701 0.8864177 ]","[-0.29780829 -0.35862404 -0.35961048 -0.36590207 -0.36314889 -0.34368971
 -0.31050508 -0.21229558]"
"2026-08-21T21-46-52_Softplus(beta=1.0, threshold=20.0)_32_28",200,8,8,200,5,"Softplus(beta=1.0, threshold=20.0)",32,1,1.75e-05,0.0111997,3.67e-05,0.0160432,3.65e-05,0.0161968,"[ 1.64780285e+00  4.64564447e-01 -1.45288854e-03 -4.11179412e-01
 -9.91270329e-01 -1.50197020e+00 -2.50084080e+00 -4.80043381e+00]","[1.03493048 1.00528955 0.99352527 0.9803698  0.96938751 0.94507703
 0.92488015 0.88526229]","[-0.29788727 -0.37784336 -0.35459539 -0.3827929  -0.36265371 -0.33095807
 -0.27500322 -0.19067738]"
"2026-08-21T21-46-52_Softplus(beta=1.0, threshold=20.0)_32_29",200,8,8,200,5,"Softplus(beta=1.0, threshold=20.0)",32,1,1.68e-05,0.0109639,3.37e-05,0.0155178,3.96e-05,0.0163066,"[ 1.53933942  0.37835649 -0.00782635 -0.45107519 -0.93460094 -1.43111274
 -2.41782115 -4.90740796]","[1.03351314 1.00459126 0.99257292 0.98087223 0.96938359 0.94530053
 0.92557574 0.88870101]","[-0.30319468 -0.39214486 -0.37760703 -0.37047491 -0.35226264 -0.33092979
 -0.28435707 -0.19778646]"
"2026-08-21T21-46-52_Softplus(beta=1.0, threshold=20.0)_32_30",200,8,8,200,5,"Softplus(beta=1.0, threshold=20.0)",32,1,1.64e-05,0.0107108,3.95e-05,0.0163128,4.02e-05,0.0167371,"[ 1.57895739  0.38432833 -0.00719631 -0.36786593 -0.93859191 -1.54980926
 -2.48755141 -4.77431389]","[1.03428586 1.00523897 0.99281924 0.98117101 0.96887201 0.9442161
 0.92354755 0.8875298 ]","[-0.32813091 -0.38603731 -0.38599239 -0.3836763  -0.37356897 -0.34466071
 -0.30471128 -0.20060904]"
"2026-08-21T21-46-52_Softplus(beta=1.0, threshold=20.0)_32_31",200,8,8,200,5,"Softplus(beta=1.0, threshold=20.0)",32,1,1.74e-05,0.0111184,5.01e-05,0.0180517,4.48e-05,0.0172034,"[ 1.55609043  0.44938671  0.0076298  -0.42192686 -0.94782662 -1.52958285
 -2.53065134 -4.69373682]","[1.03452968 1.00287964 0.99269009 0.98015118 0.96883416 0.94466384
 0.92291808 0.88864489]","[-0.29793787 -0.37454061 -0.35588533 -0.3575486  -0.3600405  -0.33306779
 -0.28416236 -0.2126107 ]"
"2026-08-21T21-46-52_Softplus(beta=1.0, threshold=20.0)_32_32",200,8,8,200,5,"Softplus(beta=1.0, threshold=20.0)",32,1,1.63e-05,0.0107809,3.83e-05,0.0160052,3.29e-05,0.0151067,"[ 1.53031271  0.464396   -0.00482303 -0.48335559 -0.95735332 -1.53623844
 -2.55611393 -4.72367434]","[1.03497223 1.00557608 0.99260432 0.98025981 0.96885836 0.9453765
 0.92370853 0.88879141]","[-0.27499101 -0.38810383 -0.41206548 -0.43950501 -0.38331367 -0.346156
 -0.31432554 -0.20610988]"
"2026-08-21T21-46-52_Softplus(beta=1.0, threshold=20.0)_32_33",200,8,8,200,5,"Softplus(beta=1.0, threshold=20.0)",32,1,1.65e-05,0.0108802,3.24e-05,0.0150043,4.63e-05,0.0178861,"[ 1.55246674e+00  3.98129150e-01 -4.27532892e-03 -4.67394859e-01
 -9.31704430e-01 -1.47158914e+00 -2.47557135e+00 -4.75785188e+00]","[1.03398865 1.00518024 0.99324896 0.98087037 0.9689368  0.94560944
 0.92441307 0.88946999]","[-0.27564504 -0.35355881 -0.40206355 -0.39616497 -0.34861615 -0.34982121
 -0.29962296 -0.18392579]"
"2026-08-21T21-46-52_Softplus(beta=1.0, threshold=20.0)_32_34",200,8,8,200,5,"Softplus(beta=1.0, threshold=20.0)",32,1,1.56e-05,0.0105208,3.78e-05,0.0158801,4.56e-05,0.0172977,"[ 1.54320254  0.39499786 -0.00741663 -0.4184779  -0.94682332 -1.58878134
 -2.5265165  -4.76901591]","[1.03448259 1.00465218 0.99165459 0.9805058  0.96846185 0.94434673
 0.92279254 0.88607132]","[-0.2544245  -0.3482873  -0.37428879 -0.36781456 -0.33796525 -0.35008347
 -0.31990437 -0.19027625]"
"2026-08-21T21-46-52_Softplus(beta=1.0, threshold=20.0)_32_35",200,8,8,200,5,"Softplus(beta=1.0, threshold=20.0)",32,1,1.65e-05,0.0109874,3.23e-05,0.014978,3.59e-05,0.0158043,"[ 1.48062081e+00  4.13687304e-01 -4.70104965e-03 -4.27930295e-01
 -9.28219511e-01 -1.50336297e+00 -2.42213565e+00 -4.87592833e+00]","[1.03331438 1.00464415 0.99381515 0.98075914 0.96896131 0.94509626
 0.92268164 0.88839816]","[-0.28956352 -0.35559101 -0.36270677 -0.39104755 -0.36908193 -0.35826404
 -0.30474189 -0.19408105]"
"2026-08-21T21-46-52_Softplus(beta=1.0, threshold=20.0)_32_36",200,8,8,200,5,"Softplus(beta=1.0, threshold=20.0)",32,1,1.77e-05,0.0111958,2.85e-05,0.014358,3.34e-05,0.0150235,"[ 1.60738880e+00  4.20558945e-01 -2.92143038e-03 -4.05688483e-01
 -9.91888311e-01 -1.58594565e+00 -2.54947142e+00 -4.73089995e+00]","[1.03408365 1.00437534 0.99320288 0.98023557 0.96852367 0.94433051
 0.92376489 0.8882241 ]","[-0.3127578  -0.37898886 -0.41199521 -0.40862414 -0.37950593 -0.35524419
 -0.31129025 -0.18194974]"
"2026-08-21T21-46-52_Softplus(beta=1.0, threshold=20.0)_32_37",200,8,8,200,5,"Softplus(beta=1.0, threshold=20.0)",32,1,1.81e-05,0.0113615,5.08e-05,0.0180622,4.27e-05,0.0168379,"[ 1.54888665e+00  4.00655690e-01  3.43333653e-03 -4.95551766e-01
 -9.70078888e-01 -1.51952367e+00 -2.43743081e+00 -4.75169639e+00]","[1.03697354 1.00571826 0.99290254 0.98104521 0.96927517 0.9447915
 0.92448677 0.88983426]","[-0.2750642  -0.35124329 -0.37366211 -0.34985933 -0.33719197 -0.35823586
 -0.31316154 -0.1833998 ]"
"2026-08-21T21-46-52_Softplus(beta=1.0, threshold=20.0)_32_38",200,8,8,200,5,"Softplus(beta=1.0, threshold=20.0)",32,1,1.71e-05,0.0112164,3.61e-05,0.0156511,4.4e-05,0.0167895,"[ 1.53546199  0.39341554 -0.00622987 -0.44316025 -1.00457621 -1.55738012
 -2.54908986 -4.70586399]","[1.03472472 1.00510713 0.99294378 0.98059319 0.96778467 0.94502185
 0.92474679 0.88986197]","[-0.25972807 -0.35674714 -0.38126848 -0.37666532 -0.35895128 -0.33989858
 -0.30468607 -0.18404745]"
"2026-08-21T21-46-52_Softplus(beta=1.0, threshold=20.0)_32_39",200,8,8,200,5,"Softplus(beta=1.0, threshold=20.0)",32,1,1.78e-05,0.0113033,4.66e-05,0.0162526,5.74e-05,0.0187913,"[ 1.56433634  0.43720237 -0.00875291 -0.43144764 -0.90885871 -1.54375437
 -2.61570988 -4.66804943]","[1.03450533 1.00405641 0.9925211  0.98039677 0.96948064 0.94495918
 0.92393833 0.88810548]","[-0.29184329 -0.37180192 -0.38268851 -0.34767713 -0.34897262 -0.33904832
 -0.28129704 -0.18009614]"
"2026-08-21T21-46-52_Softplus(beta=1.0, threshold=20.0)_32_40",200,8,8,200,5,"Softplus(beta=1.0, threshold=20.0)",32,1,1.99e-05,0.0117546,5.61e-05,0.0194203,6e-05,0.0179999,"[ 1.55110422e+00  4.57339937e-01  3.16224204e-03 -4.31716825e-01
 -9.51423672e-01 -1.50371392e+00 -2.45159506e+00 -4.83071408e+00]","[1.03295824 1.00504565 0.99395594 0.98039439 0.96905297 0.94613422
 0.92399949 0.88630815]","[-0.29443889 -0.37424491 -0.3771376  -0.3607202  -0.34622151 -0.32721626
 -0.29753053 -0.20083735]"
"2026-08-21T21-46-52_Softplus(beta=1.0, threshold=20.0)_32_41",200,8,8,200,5,"Softplus(beta=1.0, threshold=20.0)",32,1,1.47e-05,0.0103036,3.6e-05,0.0155139,3.06e-05,0.0143208,"[ 1.62133120e+00  4.41351116e-01 -8.43670135e-04 -4.65272860e-01
 -1.00144294e+00 -1.59562933e+00 -2.51492537e+00 -4.73653747e+00]","[1.03294545 1.00316507 0.99255474 0.98038816 0.96821658 0.94470729
 0.92505806 0.89009921]","[-0.29195247 -0.38479966 -0.37737667 -0.37473994 -0.37953139 -0.34447464
 -0.29068467 -0.18686181]"
"2026-08-21T21-46-52_Softplus(beta=1.0, threshold=20.0)_32_42",200,8,8,200,5,"Softplus(beta=1.0, threshold=20.0)",32,1,1.54e-05,0.0105371,3.77e-05,0.0160382,3.49e-05,0.0149888,"[ 1.58864636  0.40954885 -0.00755236 -0.43922804 -0.94916192 -1.53079963
 -2.48948334 -4.80191965]","[1.0343452  1.00453834 0.99252942 0.98055623 0.96891618 0.94442023
 0.92312459 0.88569602]","[-0.28306108 -0.37626033 -0.40065332 -0.39059513 -0.37259827 -0.33723322
 -0.31061951 -0.18803015]"
"2026-08-21T21-46-52_Softplus(beta=1.0, threshold=20.0)_32_43",200,8,8,200,5,"Softplus(beta=1.0, threshold=20.0)",32,1,1.61e-05,0.0107357,3.86e-05,0.015941,3.79e-05,0.0153063,"[ 1.57550313  0.40647489 -0.01232318 -0.42727966 -0.9675999  -1.49049175
 -2.53898757 -4.87897033]","[1.03608062 1.00434722 0.99276596 0.98022339 0.96842144 0.94454418
 0.9245583  0.88712081]","[-0.28820079 -0.39284199 -0.38941178 -0.40356245 -0.35898106 -0.36651911
 -0.30954874 -0.18099592]"
"2026-08-21T21-46-52_Softplus(beta=1.0, threshold=20.0)_32_44",200,8,8,200,5,"Softplus(beta=1.0, threshold=20.0)",32,1,1.69e-05,0.01101,3.64e-05,0.0156308,3.81e-05,0.0164513,"[ 1.5696014   0.44741846  0.0132894  -0.41653068 -1.0286759  -1.54077157
 -2.55810313 -4.81467043]","[1.03543388 1.00600142 0.99351922 0.98101565 0.96909034 0.94417269
 0.92265014 0.88505541]","[-0.30032365 -0.3866411  -0.38535003 -0.37923426 -0.32908321 -0.3521385
 -0.31311067 -0.18640403]"
"2026-08-21T21-46-52_Softplus(beta=1.0, threshold=20.0)_32_45",200,8,8,200,5,"Softplus(beta=1.0, threshold=20.0)",32,1,1.75e-05,0.0112326,3.02e-05,0.0146199,3.74e-05,0.0159954,"[ 1.52010494e+00  4.75948837e-01  3.94471151e-03 -4.07842218e-01
 -9.63022263e-01 -1.54560275e+00 -2.54346108e+00 -4.73769403e+00]","[1.03564862 1.00442349 0.99326885 0.98120919 0.96845736 0.94529962
 0.92258557 0.88741038]","[-0.31458193 -0.41731472 -0.35983268 -0.37122358 -0.3544045  -0.32985378
 -0.2934996  -0.18513018]"
"2026-08-21T21-46-52_Softplus(beta=1.0, threshold=20.0)_32_46",200,8,8,200,5,"Softplus(beta=1.0, threshold=20.0)",32,1,1.67e-05,0.0109428,3.6e-05,0.016455,3.6e-05,0.0154794,"[ 1.62827417  0.44184798 -0.00489007 -0.42727024 -0.94971093 -1.52662988
 -2.54432789 -4.70770311]","[1.03403093 1.00433849 0.99307375 0.98022819 0.96896413 0.9438287
 0.92254394 0.88889329]","[-0.29686935 -0.36729574 -0.36075708 -0.37867157 -0.35000843 -0.33274714
 -0.30203724 -0.19348076]"
"2026-08-21T21-46-52_Softplus(beta=1.0, threshold=20.0)_32_47",200,8,8,200,5,"Softplus(beta=1.0, threshold=20.0)",32,1,1.73e-05,0.0110547,3.7e-05,0.0156392,4.74e-05,0.0171866,"[ 1.56871907e+00  3.75074693e-01  4.43407554e-03 -4.46378439e-01
 -9.99656296e-01 -1.54248395e+00 -2.50825324e+00 -4.69382016e+00]","[1.03336914 1.00536616 0.9931997  0.98084422 0.96934523 0.94528972
 0.92476192 0.8869692 ]","[-0.28708773 -0.39756368 -0.37743094 -0.3573292  -0.36392303 -0.32663474
 -0.30187137 -0.18977429]"
"2026-08-21T21-46-52_Softplus(beta=1.0, threshold=20.0)_32_48",200,8,8,200,5,"Softplus(beta=1.0, threshold=20.0)",32,1,1.75e-05,0.0112617,6.43e-05,0.019097,6.94e-05,0.0194786,"[ 1.57056643e+00  4.34202994e-01  5.70576988e-04 -4.01928263e-01
 -9.39521346e-01 -1.53728553e+00 -2.48701866e+00 -4.83279852e+00]","[1.03423288 1.00542378 0.99310095 0.98062536 0.96900815 0.94427779
 0.92242524 0.88656899]","[-0.28321367 -0.40715062 -0.41926176 -0.38838933 -0.38469718 -0.36337399
 -0.34125805 -0.22163628]"
"2026-08-21T21-46-52_Softplus(beta=1.0, threshold=20.0)_32_49",200,8,8,200,5,"Softplus(beta=1.0, threshold=20.0)",32,1,1.68e-05,0.0109044,4.13e-05,0.0162424,3.28e-05,0.014884,"[ 1.58063162  0.39475863  0.00951703 -0.44320873 -0.96912275 -1.48633753
 -2.57421708 -4.7433892 ]","[1.03577402 1.00517316 0.99291682 0.98096666 0.9692004  0.94533134
 0.9254423  0.88650867]","[-0.28286209 -0.37894094 -0.3889841  -0.40745983 -0.35924539 -0.38655054
 -0.30716127 -0.18690017]"
"2026-08-21T21-46-52_Softplus(beta=1.0, threshold=20.0)_32_50",200,8,8,200,5,"Softplus(beta=1.0, threshold=20.0)",32,1,1.84e-05,0.0115261,4.77e-05,0.0183415,2.79e-05,0.0141838,"[ 1.55504984  0.43883281 -0.00586796 -0.43419687 -0.95652634 -1.50510239
 -2.57838996 -4.78358489]","[1.03326266 1.00766739 0.99293726 0.9806755  0.96866481 0.94509621
 0.92336395 0.88610429]","[-0.28344483 -0.40379746 -0.41752296 -0.34749208 -0.35747594 -0.35611299
 -0.331965   -0.19110977]"
"2026-08-22T01-46-50_Softplus(beta=1.0, threshold=20.0)_64_1",200,8,8,200,5,"Softplus(beta=1.0, threshold=20.0)",64,1,8.5e-06,0.0079181,2.87e-05,0.0138233,3.53e-05,0.015711,"[ 1.58699471  0.41827502 -0.01090824 -0.44359373 -0.97709326 -1.56906791
 -2.50566592 -4.77573231]","[1.03404334 1.00575755 0.99283536 0.98100894 0.97003355 0.94517015
 0.92340475 0.88707334]","[-0.30283301 -0.36023768 -0.36381891 -0.36827073 -0.31174521 -0.34340222
 -0.29375432 -0.20574998]"
"2026-08-22T01-46-50_Softplus(beta=1.0, threshold=20.0)_64_2",200,8,8,200,5,"Softplus(beta=1.0, threshold=20.0)",64,1,8e-06,0.0076097,2.94e-05,0.0140634,3.44e-05,0.0149865,"[ 1.57011444  0.41531207  0.01348652 -0.47727835 -0.95645941 -1.55675409
 -2.47802093 -4.79417602]","[1.03299383 1.00511502 0.99291225 0.98041933 0.96837959 0.94606511
 0.92419067 0.88414756]","[-0.3035555  -0.3944908  -0.37585944 -0.37977033 -0.37970666 -0.34396217
 -0.32342258 -0.19592992]"
"2026-08-22T01-46-50_Softplus(beta=1.0, threshold=20.0)_64_3",200,8,8,200,5,"Softplus(beta=1.0, threshold=20.0)",64,1,6.5e-06,0.0069185,5.48e-05,0.0179271,3.19e-05,0.0143118,"[ 1.56140911e+00  4.06199353e-01 -3.50947438e-03 -4.64754257e-01
 -1.03292062e+00 -1.58574539e+00 -2.61059882e+00 -4.67079969e+00]","[1.03647271 1.00360825 0.99239222 0.98032569 0.96912044 0.94388138
 0.92490986 0.88562783]","[-0.30529862 -0.36326058 -0.37465391 -0.34511544 -0.3104885  -0.38360809
 -0.35136368 -0.19160745]"
"2026-08-22T01-46-50_Softplus(beta=1.0, threshold=20.0)_64_4",200,8,8,200,5,"Softplus(beta=1.0, threshold=20.0)",64,1,8.1e-06,0.0076609,3.78e-05,0.0151673,4.02e-05,0.0154672,"[ 1.53540224e+00  4.03811141e-01 -3.79550230e-03 -4.34092573e-01
 -9.02702555e-01 -1.54856379e+00 -2.47054650e+00 -4.88206433e+00]","[1.03376515 1.00245508 0.99266807 0.98080542 0.96905923 0.94566976
 0.92534689 0.88578275]","[-0.35981262 -0.3891765  -0.38395498 -0.36562707 -0.33956865 -0.38549378
 -0.35083831 -0.1858749 ]"
"2026-08-22T01-46-50_Softplus(beta=1.0, threshold=20.0)_64_5",200,8,8,200,5,"Softplus(beta=1.0, threshold=20.0)",64,1,6.1e-06,0.0066875,4.43e-05,0.0172676,4.38e-05,0.0168965,"[ 1.56434899e+00  4.17271042e-01  4.34805231e-03 -4.86330876e-01
 -9.50664355e-01 -1.55118826e+00 -2.55576228e+00 -4.83410952e+00]","[1.03428291 1.00284628 0.99281304 0.98021363 0.9699317  0.944453
 0.92412416 0.88608581]","[-0.3430271  -0.44808919 -0.36108926 -0.35503507 -0.31922492 -0.34801557
 -0.31650168 -0.19912366]"
"2026-08-22T01-46-50_Softplus(beta=1.0, threshold=20.0)_64_6",200,8,8,200,5,"Softplus(beta=1.0, threshold=20.0)",64,1,7.1e-06,0.007236,3.35e-05,0.0149232,4.08e-05,0.014846,"[ 1.50771905  0.3270755  -0.02225039 -0.43697953 -1.01967197 -1.54406981
 -2.45471244 -4.77505894]","[1.03554231 1.00484634 0.99319342 0.97976719 0.96938298 0.9456134
 0.92562631 0.88758449]","[-0.27766887 -0.37360523 -0.34382118 -0.33059468 -0.30141399 -0.32569145
 -0.29682589 -0.20673775]"
"2026-08-22T01-46-50_Softplus(beta=1.0, threshold=20.0)_64_7",200,8,8,200,5,"Softplus(beta=1.0, threshold=20.0)",64,1,5.8e-06,0.0065598,4.02e-05,0.0159617,3.24e-05,0.0154846,"[ 1.57816017e+00  4.15066197e-01  1.02795136e-03 -4.24566487e-01
 -9.55267989e-01 -1.51164384e+00 -2.52458303e+00 -4.72673603e+00]","[1.03430874 1.00424175 0.99263129 0.98077771 0.96827792 0.94524089
 0.92524703 0.88787895]","[-0.30932663 -0.35836493 -0.36770264 -0.37826369 -0.36652309 -0.37706622
 -0.33053673 -0.19277968]"
"2026-08-22T01-46-50_Softplus(beta=1.0, threshold=20.0)_64_8",200,8,8,200,5,"Softplus(beta=1.0, threshold=20.0)",64,1,4.8e-06,0.0059284,2.53e-05,0.0129911,2.21e-05,0.0125451,"[ 1.60513976  0.43511781  0.00642766 -0.45648027 -1.00044459 -1.53888096
 -2.52515855 -4.79546561]","[1.03435378 1.00294135 0.99250846 0.98019174 0.96800332 0.94467779
 0.92470896 0.8857103 ]","[-0.29906404 -0.36809855 -0.36802987 -0.36053686 -0.32417127 -0.3321285
 -0.29063404 -0.17988805]"
"2026-08-22T01-46-50_Softplus(beta=1.0, threshold=20.0)_64_9",200,8,8,200,5,"Softplus(beta=1.0, threshold=20.0)",64,1,7.2e-06,0.0072525,3.51e-05,0.0154746,2.01e-05,0.0120576,"[ 1.55187554  0.43714093  0.00638868 -0.48170385 -1.01589822 -1.51159236
 -2.40287493 -4.85168433]","[1.03485526 1.00460477 0.99309388 0.97998956 0.96967337 0.94516353
 0.9249698  0.88341459]","[-0.30042851 -0.36172283 -0.35878819 -0.34175128 -0.33001907 -0.37654309
 -0.30859458 -0.18830612]"
"2026-08-22T01-46-50_Softplus(beta=1.0, threshold=20.0)_64_10",200,8,8,200,5,"Softplus(beta=1.0, threshold=20.0)",64,1,5.7e-06,0.0064747,3.31e-05,0.0146348,3.22e-05,0.0150365,"[ 1.66840103e+00  4.46120941e-01 -1.67312809e-03 -4.06829373e-01
 -9.03918090e-01 -1.50726411e+00 -2.56143227e+00 -4.82278941e+00]","[1.03204908 1.0043276  0.99223392 0.9806347  0.96926028 0.94528966
 0.92404797 0.88492512]","[-0.30440033 -0.37958977 -0.36877427 -0.33294102 -0.3654738  -0.38622037
 -0.34074535 -0.21273862]"
"2026-08-22T01-46-50_Softplus(beta=1.0, threshold=20.0)_64_11",200,8,8,200,5,"Softplus(beta=1.0, threshold=20.0)",64,1,6.6e-06,0.0069087,2.82e-05,0.0140413,3.68e-05,0.0160569,"[ 1.56273986  0.43907299  0.00843514 -0.44623675 -1.01239713 -1.54373037
 -2.51350138 -4.70862828]","[1.03320742 1.00518467 0.99317556 0.98042565 0.96939339 0.94396
 0.92456898 0.88431733]","[-0.31586626 -0.37604289 -0.4050537  -0.35497101 -0.35453444 -0.35234478
 -0.32956538 -0.18937169]"
"2026-08-22T01-46-50_Softplus(beta=1.0, threshold=20.0)_64_12",200,8,8,200,5,"Softplus(beta=1.0, threshold=20.0)",64,1,5.4e-06,0.0062838,3.6e-05,0.0144247,2.52e-05,0.0133529,"[ 1.52383607  0.41610214  0.00768034 -0.46499441 -1.01364911 -1.5406519
 -2.47761675 -4.79143146]","[1.0340097  1.00449964 0.99258345 0.98071285 0.96916507 0.94318544
 0.92529422 0.88761017]","[-0.30155345 -0.35226139 -0.3692618  -0.34029838 -0.33605458 -0.3676552
 -0.29959402 -0.1896135 ]"
"2026-08-22T01-46-50_Softplus(beta=1.0, threshold=20.0)_64_13",200,8,8,200,5,"Softplus(beta=1.0, threshold=20.0)",64,1,5.5e-06,0.0063218,3.21e-05,0.0135676,2.57e-05,0.0132475,"[ 1.58847693e+00  3.96440374e-01  1.20124485e-03 -4.74601506e-01
 -9.86846688e-01 -1.55598768e+00 -2.47929592e+00 -4.64632969e+00]","[1.0344396  1.00412405 0.99261303 0.98078401 0.96928493 0.94575939
 0.92601413 0.88650883]","[-0.31484622 -0.3703264  -0.35854293 -0.34138994 -0.35073574 -0.34383373
 -0.29235067 -0.18966403]"
"2026-08-22T01-46-50_Softplus(beta=1.0, threshold=20.0)_64_14",200,8,8,200,5,"Softplus(beta=1.0, threshold=20.0)",64,1,7e-06,0.0071822,3.26e-05,0.0154181,2.65e-05,0.0137945,"[ 1.59097361e+00  4.08756985e-01 -4.02825635e-03 -4.78544497e-01
 -1.00809143e+00 -1.56702656e+00 -2.56435128e+00 -4.81241934e+00]","[1.03348554 1.00357291 0.99271438 0.97988337 0.96876089 0.94441043
 0.9242056  0.88740895]","[-0.28405112 -0.36281407 -0.36998858 -0.35713377 -0.32867142 -0.32539445
 -0.31166739 -0.18666799]"
"2026-08-22T01-46-50_Softplus(beta=1.0, threshold=20.0)_64_15",200,8,8,200,5,"Softplus(beta=1.0, threshold=20.0)",64,1,6.3e-06,0.0068038,4.31e-05,0.0169313,2.66e-05,0.013498,"[ 1.58514922e+00  4.20069722e-01 -2.74489618e-05 -4.61490948e-01
 -9.93634830e-01 -1.50697537e+00 -2.48166755e+00 -4.89621671e+00]","[1.03356349 1.00327075 0.99328815 0.98074306 0.96936236 0.94374922
 0.92400199 0.88720221]","[-0.28045809 -0.37185425 -0.36354261 -0.35161023 -0.33260924 -0.35347389
 -0.31665324 -0.18595761]"
"2026-08-22T01-46-50_Softplus(beta=1.0, threshold=20.0)_64_16",200,8,8,200,5,"Softplus(beta=1.0, threshold=20.0)",64,1,6.8e-06,0.0070446,2.95e-05,0.0140109,3.73e-05,0.0151267,"[ 1.59880091e+00  4.18366515e-01 -4.17073094e-03 -5.57430292e-01
 -1.01275359e+00 -1.61080408e+00 -2.54122937e+00 -4.74418862e+00]","[1.03502999 1.00401726 0.99243852 0.98012627 0.96929952 0.94398348
 0.92557645 0.88853433]","[-0.29571646 -0.36283142 -0.3498648  -0.34196562 -0.31844995 -0.33933221
 -0.29008495 -0.18433733]"
"2026-08-22T01-46-50_Softplus(beta=1.0, threshold=20.0)_64_17",200,8,8,200,5,"Softplus(beta=1.0, threshold=20.0)",64,1,6.2e-06,0.0067797,5.47e-05,0.0177132,3.48e-05,0.0148813,"[ 1.64695216  0.47934856 -0.00851232 -0.4277456  -0.98655816 -1.60330777
 -2.50969489 -4.75934733]","[1.03473742 1.00524546 0.99237672 0.97985355 0.96945544 0.94551758
 0.92342245 0.88634677]","[-0.32136653 -0.39291719 -0.36848438 -0.35515405 -0.36084133 -0.36468246
 -0.37332201 -0.20382204]"
"2026-08-22T01-46-50_Softplus(beta=1.0, threshold=20.0)_64_18",200,8,8,200,5,"Softplus(beta=1.0, threshold=20.0)",64,1,7.2e-06,0.0072581,3.54e-05,0.0147147,3.3e-05,0.0148822,"[ 1.55968535e+00  4.33572972e-01 -3.29751884e-03 -5.04545421e-01
 -1.03396028e+00 -1.58005312e+00 -2.58397858e+00 -4.77140614e+00]","[1.03592491 1.00600527 0.99246786 0.98017272 0.96892809 0.94451836
 0.92509581 0.88654119]","[-0.29675864 -0.35339834 -0.3468483  -0.33840172 -0.32062216 -0.36313261
 -0.33833991 -0.1680303 ]"
"2026-08-22T01-46-50_Softplus(beta=1.0, threshold=20.0)_64_19",200,8,8,200,5,"Softplus(beta=1.0, threshold=20.0)",64,1,7.5e-06,0.0074595,3.31e-05,0.0152321,2.79e-05,0.0137922,"[ 1.5567933   0.4147318  -0.00885795 -0.48415786 -1.01928667 -1.55229093
 -2.52344549 -4.72407767]","[1.03539132 1.00545376 0.99271932 0.98065819 0.96950617 0.94449523
 0.92541576 0.88922186]","[-0.27321065 -0.35377002 -0.35899075 -0.33519574 -0.31108983 -0.34918761
 -0.31822062 -0.19073728]"
"2026-08-22T01-46-50_Softplus(beta=1.0, threshold=20.0)_64_20",200,8,8,200,5,"Softplus(beta=1.0, threshold=20.0)",64,1,6.9e-06,0.007095,4.41e-05,0.0165836,3.11e-05,0.0144061,"[ 1.54382345e+00  3.99488306e-01 -2.85635375e-03 -5.02791163e-01
 -1.06366407e+00 -1.65678190e+00 -2.53788315e+00 -4.66002603e+00]","[1.03519778 1.00485877 0.99237703 0.97921643 0.96890503 0.94511849
 0.92665248 0.88777085]","[-0.29874624 -0.35806472 -0.3509469  -0.35047043 -0.32648107 -0.33197845
 -0.31325124 -0.17166684]"
"2026-08-22T01-46-50_Softplus(beta=1.0, threshold=20.0)_64_21",200,8,8,200,5,"Softplus(beta=1.0, threshold=20.0)",64,1,4.8e-06,0.0059287,2.28e-05,0.012307,2.71e-05,0.0134312,"[ 1.58135339e+00  4.48482569e-01 -4.32990911e-03 -4.58534733e-01
 -9.66428368e-01 -1.57964154e+00 -2.54260253e+00 -4.83072037e+00]","[1.0340972  1.00315148 0.9929962  0.97971377 0.96792018 0.94435096
 0.92333867 0.88358481]","[-0.29410895 -0.36188183 -0.34982501 -0.34778488 -0.33226735 -0.35152167
 -0.32118877 -0.18900518]"
"2026-08-22T01-46-50_Softplus(beta=1.0, threshold=20.0)_64_22",200,8,8,200,5,"Softplus(beta=1.0, threshold=20.0)",64,1,8.1e-06,0.0076913,3.08e-05,0.0144086,3.46e-05,0.0151916,"[ 1.54277068  0.40595482  0.00481721 -0.4636806  -1.0272028  -1.5400196
 -2.52404543 -4.81304398]","[1.03556735 1.00258599 0.99223187 0.98031996 0.96899517 0.9453569
 0.92561959 0.88743721]","[-0.29630847 -0.36196786 -0.35376579 -0.33681694 -0.30889321 -0.33782951
 -0.28495835 -0.18288807]"
"2026-08-22T01-46-50_Softplus(beta=1.0, threshold=20.0)_64_23",200,8,8,200,5,"Softplus(beta=1.0, threshold=20.0)",64,1,5.3e-06,0.0061812,2.94e-05,0.0139605,3.72e-05,0.0160497,"[ 1.57520700e+00  4.51571425e-01  4.48645786e-03 -4.68736415e-01
 -9.91393592e-01 -1.55021471e+00 -2.54370278e+00 -4.80476052e+00]","[1.03279585 1.00386055 0.99240583 0.97978061 0.96811263 0.94617056
 0.92461504 0.8849539 ]","[-0.31995117 -0.37969114 -0.36136945 -0.3628274  -0.34358092 -0.34818784
 -0.30968651 -0.19619871]"
"2026-08-22T01-46-50_Softplus(beta=1.0, threshold=20.0)_64_24",200,8,8,200,5,"Softplus(beta=1.0, threshold=20.0)",64,1,5.8e-06,0.0065241,3.84e-05,0.016428,3.08e-05,0.0133672,"[ 1.59339934e+00  3.82366928e-01 -3.35991215e-03 -4.89915565e-01
 -9.94014325e-01 -1.52520150e+00 -2.52131010e+00 -4.72972356e+00]","[1.03380031 1.00511664 0.99336047 0.98043822 0.96935385 0.94501784
 0.92545489 0.88624225]","[-0.29872329 -0.37249869 -0.37196137 -0.3452846  -0.32561962 -0.33918774
 -0.30729253 -0.19010245]"
"2026-08-22T01-46-50_Softplus(beta=1.0, threshold=20.0)_64_25",200,8,8,200,5,"Softplus(beta=1.0, threshold=20.0)",64,1,5.6e-06,0.0063734,4.07e-05,0.0148706,2.81e-05,0.0136004,"[ 1.58256621e+00  4.04230358e-01 -4.02590818e-03 -4.81981691e-01
 -1.01813104e+00 -1.58399429e+00 -2.56013016e+00 -4.73091091e+00]","[1.03394235 1.00486519 0.99233963 0.98079777 0.96984204 0.94467555
 0.92641665 0.88921914]","[-0.28833129 -0.36840581 -0.36550813 -0.34399062 -0.32395115 -0.32615709
 -0.2943358  -0.16755077]"
"2026-08-22T01-46-50_Softplus(beta=1.0, threshold=20.0)_64_26",200,8,8,200,5,"Softplus(beta=1.0, threshold=20.0)",64,1,6e-06,0.0066602,3.38e-05,0.014907,3.95e-05,0.0161036,"[ 1.59197433e+00  3.48983055e-01  3.70900025e-03 -4.74535734e-01
 -1.06687889e+00 -1.59124714e+00 -2.52847909e+00 -4.71787919e+00]","[1.036034   1.00501635 0.99228987 0.97977955 0.96868444 0.94384322
 0.92383008 0.88499166]","[-0.29130476 -0.38494243 -0.38835779 -0.36218061 -0.36071322 -0.38947659
 -0.3244894  -0.19663962]"
"2026-08-22T01-46-50_Softplus(beta=1.0, threshold=20.0)_64_27",200,8,8,200,5,"Softplus(beta=1.0, threshold=20.0)",64,1,6e-06,0.0066544,2.47e-05,0.013364,3.51e-05,0.0151366,"[ 1.54132069e+00  3.40634056e-01  4.24665188e-03 -4.80556695e-01
 -1.02741861e+00 -1.59779837e+00 -2.39335782e+00 -4.83968317e+00]","[1.03461767 1.00464295 0.99315825 0.9796917  0.96868993 0.94499354
 0.92517148 0.88741052]","[-0.29745884 -0.35883862 -0.3445559  -0.36339365 -0.32990922 -0.31047484
 -0.31208468 -0.17811143]"
"2026-08-22T01-46-50_Softplus(beta=1.0, threshold=20.0)_64_28",200,8,8,200,5,"Softplus(beta=1.0, threshold=20.0)",64,1,6.7e-06,0.0070152,2.81e-05,0.0138984,2.59e-05,0.0138685,"[ 1.51522143  0.44908593  0.00702141 -0.4614639  -0.94175812 -1.61003723
 -2.55671157 -4.72760518]","[1.03376149 1.00352314 0.99282951 0.98032665 0.96922447 0.94483545
 0.92467801 0.88530983]","[-0.31510099 -0.35935629 -0.37717464 -0.38573795 -0.34132629 -0.33240089
 -0.29703954 -0.17955839]"
"2026-08-22T01-46-50_Softplus(beta=1.0, threshold=20.0)_64_29",200,8,8,200,5,"Softplus(beta=1.0, threshold=20.0)",64,1,6.7e-06,0.0070089,2.92e-05,0.0143364,2.86e-05,0.013839,"[ 1.55592067  0.35358212 -0.00913716 -0.45284165 -0.96290281 -1.54939242
 -2.47314515 -4.82800323]","[1.03381352 1.0031116  0.99316778 0.98037085 0.97001326 0.94334984
 0.92564987 0.88930319]","[-0.28773068 -0.34724214 -0.34252426 -0.32848372 -0.31155434 -0.34803078
 -0.29734245 -0.17445064]"
"2026-08-22T01-46-50_Softplus(beta=1.0, threshold=20.0)_64_30",200,8,8,200,5,"Softplus(beta=1.0, threshold=20.0)",64,1,5.2e-06,0.0061689,2.4e-05,0.0128717,3.25e-05,0.0142785,"[ 1.54010834e+00  4.20878732e-01  1.22265889e-03 -4.89698773e-01
 -9.86526017e-01 -1.57033281e+00 -2.46884059e+00 -4.83103919e+00]","[1.03413128 1.00476858 0.99241859 0.97988056 0.96836327 0.94476276
 0.92413359 0.88596592]","[-0.28439411 -0.36279413 -0.35791401 -0.35297321 -0.3174623  -0.34898549
 -0.32323823 -0.18735114]"
"2026-08-22T01-46-50_Softplus(beta=1.0, threshold=20.0)_64_31",200,8,8,200,5,"Softplus(beta=1.0, threshold=20.0)",64,1,6.1e-06,0.0066266,4.77e-05,0.0158899,4.29e-05,0.0166052,"[ 1.57834191e+00  3.99455588e-01 -4.72956928e-03 -4.66788126e-01
 -9.85392272e-01 -1.51441783e+00 -2.56466404e+00 -4.76096993e+00]","[1.0339773  1.00446168 0.99215803 0.98040337 0.96922154 0.94445105
 0.92388868 0.8891101 ]","[-0.31351945 -0.35919921 -0.36720997 -0.35712507 -0.31176853 -0.32391943
 -0.30778665 -0.17828969]"
"2026-08-22T01-46-50_Softplus(beta=1.0, threshold=20.0)_64_33",200,8,8,200,5,"Softplus(beta=1.0, threshold=20.0)",64,1,6.3e-06,0.0067783,3.11e-05,0.0137253,4.22e-05,0.0168032,"[ 1.51733858e+00  4.16188500e-01 -1.79870742e-03 -4.54010273e-01
 -9.85318599e-01 -1.55950613e+00 -2.51492746e+00 -4.71486222e+00]","[1.03437809 1.00459636 0.99266725 0.98023636 0.96858946 0.94461647
 0.9239713  0.88823462]","[-0.30631265 -0.37240973 -0.38739049 -0.3353172  -0.33349941 -0.35838595
 -0.3256414  -0.18134218]"
"2026-08-22T01-46-50_Softplus(beta=1.0, threshold=20.0)_64_34",200,8,8,200,5,"Softplus(beta=1.0, threshold=20.0)",64,1,7.3e-06,0.0072156,3.53e-05,0.0147909,4.34e-05,0.0165767,"[ 1.5503781   0.44846036 -0.00534777 -0.50587915 -0.96637161 -1.57288484
 -2.47245284 -4.80827621]","[1.03393793 1.00398528 0.99202804 0.98010058 0.96892091 0.94317069
 0.92287731 0.88791968]","[-0.30466815 -0.38630744 -0.37464941 -0.37132653 -0.35335536 -0.37150991
 -0.3572646  -0.20325026]"
"2026-08-22T01-46-50_Softplus(beta=1.0, threshold=20.0)_64_35",200,8,8,200,5,"Softplus(beta=1.0, threshold=20.0)",64,1,8.3e-06,0.0077937,3.38e-05,0.0155739,2.86e-05,0.0142172,"[ 1.54978070e+00  4.04245001e-01  1.14068147e-03 -4.63420172e-01
 -9.75030135e-01 -1.54382276e+00 -2.51054628e+00 -4.74922862e+00]","[1.03439993 1.00627743 0.99339663 0.98091239 0.96969595 0.94564495
 0.92401588 0.88583103]","[-0.28666586 -0.35342144 -0.33695261 -0.32173738 -0.30548838 -0.31551163
 -0.3436422  -0.20033904]"
"2026-08-22T01-46-50_Softplus(beta=1.0, threshold=20.0)_64_36",200,8,8,200,5,"Softplus(beta=1.0, threshold=20.0)",64,1,7e-06,0.0071331,3.5e-05,0.0150611,2.57e-05,0.0132028,"[ 1.53137422  0.37567924 -0.01260744 -0.45131573 -1.0387943  -1.56933047
 -2.51513386 -4.70869516]","[1.03412033 1.00437518 0.99248519 0.98012367 0.96864309 0.9442182
 0.92544185 0.88870863]","[-0.27204381 -0.38787366 -0.36080055 -0.37438748 -0.33695163 -0.32769535
 -0.29849199 -0.17395663]"
"2026-08-22T01-46-50_Softplus(beta=1.0, threshold=20.0)_64_37",200,8,8,200,5,"Softplus(beta=1.0, threshold=20.0)",64,1,7.7e-06,0.0075422,4.32e-05,0.0163358,4.46e-05,0.0172727,"[ 1.52978776e+00  3.65667344e-01 -2.11842496e-03 -5.05339615e-01
 -9.99059941e-01 -1.57834878e+00 -2.48988494e+00 -4.83913905e+00]","[1.03371629 1.00475914 0.99202905 0.97989417 0.9687542  0.94444314
 0.92410851 0.88658581]","[-0.26539603 -0.36322573 -0.394613   -0.37484011 -0.37329223 -0.38434245
 -0.29936239 -0.20571403]"
"2026-08-22T01-46-50_Softplus(beta=1.0, threshold=20.0)_64_38",200,8,8,200,5,"Softplus(beta=1.0, threshold=20.0)",64,1,5.4e-06,0.0063171,2.38e-05,0.0128168,2.94e-05,0.0136914,"[ 1.48983046e+00  3.80692403e-01 -2.31153404e-03 -4.88211097e-01
 -9.80364993e-01 -1.48949598e+00 -2.43947778e+00 -4.78902471e+00]","[1.03508196 1.00513759 0.99300939 0.98025737 0.96858212 0.94531696
 0.92531921 0.8897978 ]","[-0.282949   -0.3671087  -0.34409585 -0.33282474 -0.30271232 -0.31667175
 -0.27457329 -0.18341485]"
"2026-08-22T01-46-50_Softplus(beta=1.0, threshold=20.0)_64_39",200,8,8,200,5,"Softplus(beta=1.0, threshold=20.0)",64,1,5.5e-06,0.0063473,4.62e-05,0.0168328,4.46e-05,0.0164841,"[ 1.56042916e+00  3.98507193e-01  3.78697548e-03 -4.37130383e-01
 -9.76825614e-01 -1.57255011e+00 -2.54376803e+00 -4.80883636e+00]","[1.03446779 1.00294202 0.99221835 0.98048979 0.96843344 0.94419977
 0.92466462 0.8861113 ]","[-0.29578313 -0.37661458 -0.38355434 -0.3575271  -0.32251019 -0.33798755
 -0.28032793 -0.19593865]"
"2026-08-22T01-46-50_Softplus(beta=1.0, threshold=20.0)_64_40",200,8,8,200,5,"Softplus(beta=1.0, threshold=20.0)",64,1,5.3e-06,0.0062169,3.31e-05,0.014722,4.34e-05,0.0152684,"[ 1.59204401  0.39834954 -0.00686188 -0.46547573 -1.0175072  -1.57200049
 -2.45262264 -4.6942741 ]","[1.03527158 1.00334618 0.99232685 0.98002954 0.96942138 0.94520709
 0.92552574 0.88699893]","[-0.29765325 -0.36619302 -0.36777592 -0.33573872 -0.32455396 -0.34080371
 -0.27781405 -0.17130861]"
"2026-08-22T01-46-50_Softplus(beta=1.0, threshold=20.0)_64_41",200,8,8,200,5,"Softplus(beta=1.0, threshold=20.0)",64,1,5.6e-06,0.0063853,3.81e-05,0.0153407,2.64e-05,0.0135353,"[ 1.53386941  0.42815275 -0.00572335 -0.50897476 -1.04566388 -1.63724982
 -2.54215937 -4.69737009]","[1.03512008 1.00337989 0.99313167 0.97957393 0.9676001  0.9446717
 0.92572778 0.88848219]","[-0.29360688 -0.37745039 -0.38105072 -0.35032158 -0.34829054 -0.3405844
 -0.31595161 -0.15882748]"
"2026-08-22T01-46-50_Softplus(beta=1.0, threshold=20.0)_64_42",200,8,8,200,5,"Softplus(beta=1.0, threshold=20.0)",64,1,5.9e-06,0.0065627,4.44e-05,0.0171029,3.51e-05,0.0142635,"[ 1.59232523e+00  4.22970144e-01 -1.15832725e-03 -4.62112035e-01
 -9.62220162e-01 -1.55658492e+00 -2.47692423e+00 -4.70135037e+00]","[1.03492793 1.00512881 0.993422   0.9792808  0.9681355  0.9452112
 0.92537952 0.88838609]","[-0.31110851 -0.35873653 -0.34408706 -0.33006828 -0.30493075 -0.36006787
 -0.31861397 -0.17575083]"
"2026-08-22T01-46-50_Softplus(beta=1.0, threshold=20.0)_64_43",200,8,8,200,5,"Softplus(beta=1.0, threshold=20.0)",64,1,6.7e-06,0.0070085,4.2e-05,0.0167836,3.85e-05,0.0148623,"[ 1.60557371e+00  4.02364354e-01 -4.10072627e-03 -4.76739996e-01
 -1.05400288e+00 -1.52389971e+00 -2.57590410e+00 -4.69907772e+00]","[1.03420763 1.00420479 0.99272092 0.97971475 0.96880387 0.94647335
 0.92559796 0.88679398]","[-0.32370845 -0.365608   -0.32344576 -0.32092719 -0.30968106 -0.29226559
 -0.27669398 -0.18999086]"
"2026-08-22T01-46-50_Softplus(beta=1.0, threshold=20.0)_64_44",200,8,8,200,5,"Softplus(beta=1.0, threshold=20.0)",64,1,6.1e-06,0.006688,2.82e-05,0.0135929,4.14e-05,0.015451,"[ 1.58268126  0.37024862  0.00787275 -0.4675166  -0.98224283 -1.50453392
 -2.45666842 -4.83184419]","[1.03325646 1.00507954 0.99289844 0.98050822 0.96857919 0.94378885
 0.92502943 0.88655726]","[-0.29892655 -0.37723835 -0.37467714 -0.34620145 -0.32580941 -0.33444708
 -0.30482788 -0.16875645]"
"2026-08-22T01-46-50_Softplus(beta=1.0, threshold=20.0)_64_45",200,8,8,200,5,"Softplus(beta=1.0, threshold=20.0)",64,1,6.3e-06,0.0067917,2.49e-05,0.0132381,2.69e-05,0.0139403,"[ 1.61768533e+00  4.29988759e-01 -2.73677338e-03 -4.48165969e-01
 -1.02865993e+00 -1.63117737e+00 -2.59423890e+00 -4.67299558e+00]","[1.03396986 1.00440967 0.99286021 0.97993909 0.96800806 0.94468654
 0.92313235 0.88555365]","[-0.30521793 -0.37879098 -0.35273017 -0.33758033 -0.3204639  -0.30664168
 -0.26337066 -0.19266221]"
"2026-08-22T01-46-50_Softplus(beta=1.0, threshold=20.0)_64_46",200,8,8,200,5,"Softplus(beta=1.0, threshold=20.0)",64,1,5.5e-06,0.0063377,2.91e-05,0.0141784,3.2e-05,0.0139943,"[ 1.61567749  0.39855432  0.006505   -0.46606455 -1.00204574 -1.50806904
 -2.57095628 -4.78719641]","[1.03349446 1.00617834 0.99244579 0.97985322 0.969088   0.94421899
 0.92403169 0.88280118]","[-0.3286871  -0.37145451 -0.3684199  -0.35676683 -0.33999246 -0.35722648
 -0.30979212 -0.21949051]"
"2026-08-22T01-46-50_Softplus(beta=1.0, threshold=20.0)_64_47",200,8,8,200,5,"Softplus(beta=1.0, threshold=20.0)",64,1,8e-06,0.0076622,2.86e-05,0.013706,4.02e-05,0.0150859,"[ 1.58101299e+00  4.16427281e-01  2.32666043e-03 -4.71540112e-01
 -1.03271930e+00 -1.62516758e+00 -2.54676208e+00 -4.73126647e+00]","[1.03402915 1.00538774 0.99358102 0.97970796 0.96944641 0.94533733
 0.92360764 0.88509856]","[-0.29428319 -0.36599632 -0.3714453  -0.34831714 -0.32422238 -0.33426184
 -0.30300839 -0.18153853]"
"2026-08-22T01-46-50_Softplus(beta=1.0, threshold=20.0)_64_49",200,8,8,200,5,"Softplus(beta=1.0, threshold=20.0)",64,1,6.3e-06,0.0067325,3.05e-05,0.0142885,3.77e-05,0.015429,"[ 1.58914142e+00  4.03033288e-01  4.74924539e-03 -4.21765513e-01
 -9.59100887e-01 -1.52262412e+00 -2.52025209e+00 -4.84108696e+00]","[1.03582257 1.00292012 0.99295139 0.97981337 0.96855523 0.94599753
 0.92496403 0.88512518]","[-0.30663245 -0.37873773 -0.34570437 -0.32918086 -0.32137766 -0.35964279
 -0.33221331 -0.1815383 ]"
"2026-08-22T01-46-50_Softplus(beta=1.0, threshold=20.0)_64_50",200,8,8,200,5,"Softplus(beta=1.0, threshold=20.0)",64,1,4.9e-06,0.0059864,3.02e-05,0.0139681,2.09e-05,0.0116237,"[ 1.60940702  0.36640618  0.0079084  -0.47929506 -1.01824736 -1.5773857
 -2.53495024 -4.734173  ]","[1.0346008  1.00472827 0.99350186 0.98001282 0.96871073 0.94472218
 0.9233537  0.88400572]","[-0.32904173 -0.36798288 -0.3778352  -0.35562485 -0.33826902 -0.32098741
 -0.30401348 -0.20384772]"
2026-08-22T05-43-37_Tanh()_24_1,200,8,8,200,5,Tanh(),24,1,0.0006276,0.0663592,0.0011482,0.0882547,0.0011828,0.090489,"[  -2.3081601    -3.71014123   -4.02478343  -13.53579582  -25.72924431
  -43.32677402  -63.62226556 -105.9257835 ]","[1.03973032 0.85503102 0.77906576 0.62989578 0.52336716 0.42672572
 0.30413872 0.20570415]","[-44.671781   -28.44187746 -21.48515166 -20.42859881 -16.46541838
 -21.27214695 -17.60060079 -11.23488084]"
2026-08-22T05-43-37_Tanh()_24_2,200,8,8,200,5,Tanh(),24,1,0.0012057,0.0923678,0.0015687,0.1036633,0.0013636,0.0977896,"[  -9.28950483  -31.53146406  -32.75948414  -43.4567268   -44.94239704
 -128.80792356 -133.25622313 -169.01559625]","[1.97369461 1.2473303  0.99378128 0.75199494 0.44091013 0.28431507
 0.10429967 0.01820137]","[-26.59585292 -18.5488215  -13.24372972 -11.5503508   -8.19771538
  -8.91531437  -9.88155932  -7.12057365]"
2026-08-22T05-43-37_Tanh()_24_3,200,8,8,200,5,Tanh(),24,1,0.000922,0.0806301,0.0015031,0.103474,0.0012809,0.0925443,"[  -1.28374612   -1.49859733  -21.38419578  -23.67803146  -40.10970307
  -64.06534319 -125.35644439 -226.9911836 ]","[1.44551002 0.98284632 0.80312834 0.64947273 0.43201553 0.1665205
 0.0443088  0.00478539]","[-133.3314669   -56.4555775   -28.63124253  -22.42309576  -30.7334927
  -35.07645125  -23.2019593   -22.73207779]"
2026-08-22T05-43-37_Tanh()_24_4,200,8,8,200,5,Tanh(),24,1,0.0005356,0.0622134,0.0012394,0.0873285,0.0009541,0.0815154,"[ 1.37932495  0.39965913  0.01257428 -0.29570881 -0.93482765 -1.64973467
 -2.4189515  -4.33394924]","[1.03012735 1.00386306 0.99110956 0.97685068 0.95809404 0.93578816
 0.91378654 0.87241956]","[-0.38439799 -0.54510009 -0.57845228 -0.48058985 -0.54801503 -0.46308852
 -0.3978431  -0.43073245]"
2026-08-22T05-43-37_Tanh()_24_5,200,8,8,200,5,Tanh(),24,1,0.0008139,0.0752705,0.002151,0.1148178,0.0016795,0.1060283,"[ -10.0657987   -21.2026449   -42.14321813  -66.36248326 -105.06950284
 -130.50646768 -130.50970315 -142.59331026]","[1.08604033 0.89448421 0.67469706 0.54633797 0.40834977 0.31170782
 0.16249702 0.04575535]","[-7.29935991 -7.94281263 -7.83381873 -6.3949048  -4.47536732 -4.50127211
 -4.63796721 -2.86892497]"
2026-08-22T05-43-37_Tanh()_24_6,200,8,8,200,5,Tanh(),24,1,0.0003783,0.052219,0.0006051,0.0651696,0.0004473,0.0564551,"[ 1.49742620e+00  4.33600084e-01 -1.47691999e-04 -3.22632405e-01
 -9.01966027e-01 -1.56341136e+00 -2.43231259e+00 -4.85219116e+00]","[1.03287099 1.00620905 0.99070949 0.97602937 0.95925654 0.93885429
 0.91054451 0.86517793]","[-0.47176471 -0.65285503 -0.59613055 -0.59734543 -0.49919097 -0.49388481
 -0.43211853 -0.4103259 ]"
2026-08-22T05-43-37_Tanh()_24_7,200,8,8,200,5,Tanh(),24,1,0.0012416,0.0935747,0.0019317,0.1097759,0.0021796,0.1251265,"[   8.79396399    0.83352266   -6.06768237  -14.25200168  -25.88898022
  -42.23610397  -60.64535858 -106.21308375]","[1.00848275e+00 6.18554227e-01 4.95158692e-01 3.77166974e-01
 2.87237922e-01 1.39709370e-01 4.31106303e-02 7.20714217e-05]","[-96.71996243 -87.58803738 -85.67150903 -75.69054439 -63.15981526
 -49.18103681 -45.66635004 -48.64157855]"
2026-08-22T05-43-37_Tanh()_24_8,200,8,8,200,5,Tanh(),24,1,0.0009704,0.0813593,0.0014621,0.1015391,0.0013897,0.0974582,"[   3.21729751   -2.12864342  -13.31006383  -24.83219065  -41.91286514
  -68.40017923  -90.99341278 -174.60703974]","[1.01151543e+00 7.83422020e-01 5.29236510e-01 4.05359818e-01
 2.67835262e-01 1.88939978e-01 6.15035966e-02 1.35265798e-05]","[-155.08856036  -85.99748737  -55.01670235  -44.3192133   -46.74965523
  -43.2112914   -52.90507495  -50.68783385]"
2026-08-22T05-43-37_Tanh()_24_9,200,8,8,200,5,Tanh(),24,1,0.0006259,0.0646964,0.001279,0.0896411,0.0008438,0.0783065,"[  0.4290952   -0.39078543  -0.92162817  -1.16767797  -3.60328105
  -4.30750726  -8.53297488 -10.16065237]","[1.06376536 1.017875   0.99004208 0.95671914 0.9333374  0.90510641
 0.85769952 0.8243607 ]","[-0.40802041 -0.46738066 -0.53626274 -0.46952467 -0.48248916 -0.58703364
 -0.47152371 -0.37877691]"
2026-08-22T05-43-37_Tanh()_24_10,200,8,8,200,5,Tanh(),24,1,0.0008009,0.0751893,0.0018736,0.1061723,0.0015461,0.1055364,"[ -4.25389419  -4.71776108  -9.49905332  -9.70757949 -30.56917232
 -30.98047922 -57.65364761 -86.42625773]","[1.1236174  1.03536104 0.9232493  0.88247914 0.78488597 0.74109277
 0.60165256 0.5030754 ]","[-1.47958071 -0.91806276 -0.91615092 -1.06055498 -0.7004326  -0.71654708
 -0.8551864  -0.75366319]"
2026-08-22T05-43-37_Tanh()_24_11,200,8,8,200,5,Tanh(),24,1,0.0008626,0.0781596,0.0011218,0.0889192,0.001658,0.1065869,"[ 1.54750447  0.52794524 -0.08650716 -0.55888534 -1.5285232  -2.69947357
 -4.15349265 -6.7630859 ]","[1.02198059 0.91236834 0.84212906 0.74021597 0.65664935 0.54976835
 0.43032706 0.31397744]","[-36.88888659 -20.84986796 -22.16971677 -14.97450979 -17.06077523
 -17.72253739 -18.99403144 -17.39169681]"
2026-08-22T05-43-37_Tanh()_24_12,200,8,8,200,5,Tanh(),24,1,0.0005698,0.0635637,0.000965,0.0803555,0.0008832,0.075998,"[-0.07962358 -0.37085041 -0.71569784 -0.83001626 -1.68038584 -2.92645545
 -3.19432018 -5.83161918]","[1.02335898 1.01288165 0.9941856  0.97886732 0.96503121 0.94100429
 0.9193942  0.88462505]","[-0.2300718  -0.27772706 -0.30386244 -0.35808204 -0.37001775 -0.34017767
 -0.27691235 -0.21593864]"
2026-08-22T05-43-37_Tanh()_24_13,200,8,8,200,5,Tanh(),24,1,0.000823,0.0760558,0.0012598,0.0944403,0.0009551,0.0843286,"[ 1.23648699  0.3913158  -0.2099131  -0.53480274 -1.73606461 -2.3412539
 -3.65009077 -5.90899002]","[1.02778994 1.00710667 0.98543003 0.9518706  0.92743671 0.89488767
 0.85986174 0.818185  ]","[-1.94302101 -1.61815526 -2.35945141 -2.07483784 -2.04037393 -1.36460142
 -1.6144435  -1.18898268]"
2026-08-22T05-43-37_Tanh()_24_14,200,8,8,200,5,Tanh(),24,1,0.0009513,0.0816861,0.0014548,0.1016647,0.0015221,0.104652,"[  -2.02827752   -3.55599306  -25.08805591  -28.97212521  -53.65115094
  -62.97884807  -88.34849938 -150.94319323]","[1.18962556 1.05657869 0.90698902 0.71287065 0.5806756  0.45528438
 0.27569096 0.14241867]","[-16.77346186 -15.98432014 -14.44847607  -7.76487253 -10.43500166
  -6.36093383  -9.01011916 -11.15932727]"
2026-08-22T05-43-37_Tanh()_24_15,200,8,8,200,5,Tanh(),24,1,0.0008022,0.0742014,0.0018105,0.1088783,0.001252,0.0923184,"[ 1.16650406e+00  3.73371223e-01  2.88538038e-03 -4.57474746e-01
 -1.10679408e+00 -1.83350224e+00 -2.54981812e+00 -4.64442168e+00]","[1.02949586 1.00645352 0.98858301 0.97368965 0.95891315 0.93726671
 0.91294367 0.88384137]","[-0.378325   -0.50036248 -0.44880672 -0.44098451 -0.40678708 -0.4616809
 -0.45528651 -0.40530481]"
2026-08-22T05-43-37_Tanh()_24_16,200,8,8,200,5,Tanh(),24,1,0.0008027,0.0755954,0.0015023,0.0991329,0.0009257,0.0800574,"[ 1.48677876e+00  4.75015342e-01 -3.81814144e-03 -3.82948263e-01
 -1.22707509e+00 -1.99365091e+00 -2.91492361e+00 -4.38236757e+00]","[1.03414212 1.00712897 0.99014437 0.96835554 0.95053291 0.92912514
 0.90644984 0.85969695]","[-0.5104037  -0.58838894 -0.59615053 -0.43328812 -0.49905941 -0.54817232
 -0.5293513  -0.44054603]"
2026-08-22T05-43-37_Tanh()_24_17,200,8,8,200,5,Tanh(),24,1,0.0004764,0.0577194,0.0009276,0.0810213,0.0008401,0.0724954,"[ 1.54691591e+00  5.02506636e-01  3.43050558e-03 -3.56078346e-01
 -1.11614213e+00 -1.85400796e+00 -2.60789914e+00 -4.32290145e+00]","[1.03408316 1.00748004 0.98963501 0.97476147 0.9602684  0.93375538
 0.91173533 0.88168899]","[-0.37372495 -0.48736682 -0.48587118 -0.45928347 -0.43871363 -0.46925322
 -0.4438851  -0.35942531]"
2026-08-22T05-43-37_Tanh()_24_18,200,8,8,200,5,Tanh(),24,1,0.0010348,0.085372,0.0017556,0.1102811,0.0020025,0.1170986,"[-2.49283820e-03 -9.17608698e+00 -1.15872261e+01 -3.54165004e+01
 -4.05453158e+01 -5.28562818e+01 -6.77926316e+01 -1.53800427e+02]","[1.13334049e+00 9.30424516e-01 7.12237749e-01 6.06369958e-01
 4.36326758e-01 3.06637311e-01 2.11928694e-01 1.12381454e-05]","[-61.43034332 -30.86779868 -20.49895221 -28.87411929 -23.32183439
 -15.32865632 -17.41088988 -20.82577842]"
2026-08-22T05-43-37_Tanh()_24_19,200,8,8,200,5,Tanh(),24,1,0.0007763,0.0736968,0.0011987,0.0909159,0.0009986,0.0825417,"[ 1.51646345e+00  5.26326697e-01  7.72700113e-05 -3.44737478e-01
 -1.17063924e+00 -1.99064196e+00 -2.90297061e+00 -4.49812779e+00]","[1.02268837 0.98922302 0.93640205 0.90603623 0.85564927 0.81706831
 0.73796169 0.64574783]","[-21.89875079  -7.2268462   -7.66955276  -5.36346715  -4.94816375
  -5.38868014  -6.889143    -5.81851306]"
2026-08-22T05-43-37_Tanh()_24_20,200,8,8,200,5,Tanh(),24,1,0.0007954,0.0738077,0.0015727,0.0998863,0.00134,0.0957038,"[   4.85888705   -2.90146633  -10.1552953   -19.83507336  -42.68927929
  -69.52833097 -113.54071388 -172.38700606]","[1.25490915e+00 9.83872037e-01 7.27078584e-01 5.40680649e-01
 3.63620393e-01 1.70364016e-01 6.40825321e-02 2.61520898e-05]","[-147.8224787  -119.91092674  -61.7606594   -55.49070407  -37.67139587
  -42.76265964  -36.41934605  -28.86779944]"
2026-08-22T05-43-37_Tanh()_24_21,200,8,8,200,5,Tanh(),24,1,0.0005653,0.0637877,0.0008015,0.0724325,0.000748,0.0721977,"[  0.38317938  -0.18857795  -1.87354865  -3.18458358  -7.63687046
  -9.70854291 -15.7241363  -23.08340613]","[1.1544901  1.04664553 1.00357529 0.88559897 0.85325363 0.79763423
 0.75865891 0.67256122]","[-5.30113941 -7.68364187 -7.46617723 -6.32674018 -5.44807998 -5.64452029
 -5.57457815 -4.55390592]"
2026-08-22T05-43-37_Tanh()_24_22,200,8,8,200,5,Tanh(),24,1,0.0007778,0.0743168,0.0008649,0.0790164,0.0015824,0.1011302,"[ 1.51374776  0.54206671  0.00858094 -0.27840566 -1.03324662 -1.8584664
 -2.79548705 -4.52188182]","[1.03017206 1.00451683 0.98580231 0.96960917 0.94467583 0.91330515
 0.87279915 0.82342475]","[-1.19253033 -1.27840925 -1.26566938 -1.20985384 -0.94596629 -0.99909143
 -1.18714142 -1.00321706]"
2026-08-22T05-43-37_Tanh()_24_23,200,8,8,200,5,Tanh(),24,1,0.0008837,0.0786462,0.001537,0.1002596,0.0018445,0.1119103,"[ -1.65485894  -3.75963146  -3.95993268  -8.64886499 -24.38457902
 -25.0354383  -53.51645616 -81.865955  ]","[1.16883632 1.04370601 0.934573   0.7833266  0.71625575 0.54276727
 0.47729995 0.37147099]","[-37.54063932 -27.89550531 -27.02916049 -14.76423179 -14.59089143
 -15.98869081 -19.09498865 -10.56020267]"
2026-08-22T05-43-37_Tanh()_24_24,200,8,8,200,5,Tanh(),24,1,0.0013263,0.0974582,0.0031799,0.1451373,0.0020312,0.1196209,"[   4.57492003  -14.29280412  -39.44120635  -63.72799649 -100.79734762
 -137.73541077 -175.41688384 -210.15209218]","[8.62990119e-01 4.20204449e-01 2.18000324e-01 1.33628133e-01
 7.68284041e-02 3.82292733e-02 1.24429689e-02 1.60041439e-06]","[-287.02473431 -150.21748659 -145.95025436 -111.13788424  -67.42732743
  -55.10448984  -60.03402887  -31.90304105]"
2026-08-22T05-43-37_Tanh()_24_25,200,8,8,200,5,Tanh(),24,1,0.0006997,0.0697301,0.0014712,0.0973338,0.0014717,0.0937337,"[ 1.38449939e+00  4.29237533e-01  3.89371366e-03 -3.61750565e-01
 -1.08850930e+00 -1.88607585e+00 -2.68125159e+00 -4.60533310e+00]","[1.03126922 1.00364836 0.98846426 0.97214156 0.95345665 0.9292943
 0.90033629 0.85251393]","[-0.74260407 -0.52081317 -0.52332216 -0.49024334 -0.6287383  -0.73379023
 -0.80543874 -0.7049649 ]"
2026-08-22T05-43-37_Tanh()_24_26,200,8,8,200,5,Tanh(),24,1,0.0006828,0.069739,0.0011153,0.0846954,0.001626,0.1066939,"[ 1.74052097e+00  6.43720762e-01  7.68632959e-04 -2.80825746e-01
 -1.09245042e+00 -1.92202343e+00 -2.96443401e+00 -4.76987330e+00]","[1.0283564  1.00653659 0.97212952 0.94507775 0.90262087 0.85487744
 0.8044506  0.74482104]","[-2.066373   -2.31969259 -2.41945926 -1.82476923 -1.75377279 -2.03570777
 -1.66493094 -1.76764842]"
2026-08-22T05-43-37_Tanh()_24_27,200,8,8,200,5,Tanh(),24,1,0.001762,0.1105627,0.0025994,0.1322567,0.0025525,0.1365603,"[  -2.7185031    -2.73106333  -28.7639093  -114.48579667 -114.49204149
 -124.04103686 -228.75915238 -228.75866899]","[1.92683557 1.21382714 0.83830424 0.68175599 0.25934749 0.20144456
 0.08314851 0.0248131 ]","[-1.52195338e-05 -4.32782366e-05 -1.67140182e-05 -1.63067064e-05
 -2.91815924e-05 -7.37151062e-06 -1.91000795e-05 -3.45093896e-06]"
2026-08-22T05-43-37_Tanh()_24_28,200,8,8,200,5,Tanh(),24,1,0.0004747,0.0579168,0.0009131,0.0749005,0.0009038,0.0775417,"[ 1.54870704  0.60070152 -0.00612965 -0.23575841 -0.87204864 -1.68252474
 -2.58539091 -4.45440455]","[1.03103863 1.00479589 0.98966683 0.97208912 0.95500881 0.93306753
 0.90450079 0.8617083 ]","[-0.51412804 -0.78620045 -0.9136277  -0.80716376 -0.72032698 -0.6569604
 -0.60388762 -0.4759272 ]"
2026-08-22T05-43-37_Tanh()_24_29,200,8,8,200,5,Tanh(),24,1,0.0003893,0.0518814,0.000581,0.0639817,0.0008649,0.0769174,"[  1.03385176   0.30220333  -1.83315786  -3.40910391  -4.38925892
  -6.41750084  -9.29176128 -10.86935424]","[1.0636203  1.00382193 0.93342294 0.8921881  0.83403542 0.78034971
 0.72060178 0.63682607]","[-1.55513768 -2.00084417 -2.00410469 -2.60089494 -2.32630683 -1.84385373
 -2.18921031 -2.55857216]"
2026-08-22T05-43-37_Tanh()_24_30,200,8,8,200,5,Tanh(),24,1,0.0006887,0.0688961,0.001361,0.0921816,0.0017058,0.1065429,"[ 1.37504432  0.51540677  0.01280311 -0.29224549 -1.01354064 -1.73674501
 -2.60252363 -4.67603649]","[1.02504178 1.00631754 0.99004895 0.96762321 0.94944389 0.91937098
 0.88157088 0.83254398]","[-0.75957569 -0.80127511 -0.89940769 -0.63189388 -0.81130331 -0.75527717
 -0.95104508 -0.83586971]"
2026-08-22T05-43-37_Tanh()_24_31,200,8,8,200,5,Tanh(),24,1,0.0015641,0.1056066,0.0020193,0.1165199,0.0022401,0.1269612,"[  3.06915469   0.93322051  -1.25589858  -4.02875642  -7.5492887
 -12.5989054  -19.91675512 -36.81444991]","[0.99387604 0.84794635 0.73800313 0.66757144 0.63075606 0.59239185
 0.52010211 0.47444484]","[-70.10552014 -49.303166   -45.39530337 -32.43907795 -28.86975292
 -33.01008193 -30.37985227 -22.79193889]"
2026-08-22T05-43-37_Tanh()_24_32,200,8,8,200,5,Tanh(),24,1,0.0018483,0.1115704,0.0024288,0.1305216,0.0023612,0.1337064,"[  1.11962029   0.12217717  -0.21301305  -1.95856954  -3.27626989
  -4.61647634  -6.73116063 -13.17194063]","[1.02644835 1.00679937 0.93057768 0.86432128 0.76228817 0.67512099
 0.49846504 0.28658936]","[-29.99710479 -24.04768967 -19.06685906 -14.10589367 -10.29117809
  -9.31262991 -12.64994031 -13.97402338]"
2026-08-22T05-43-37_Tanh()_24_33,200,8,8,200,5,Tanh(),24,1,0.0006922,0.0694332,0.001213,0.0908399,0.0015224,0.102651,"[ 2.47676906e-01 -7.32737746e-03 -6.31283546e+00 -6.45001628e+00
 -8.01030247e+00 -8.29293433e+00 -2.12791056e+01 -5.07102197e+01]","[1.17774809 1.0110786  0.8937758  0.80900235 0.68569793 0.57343155
 0.47887722 0.27582579]","[-36.01673196 -16.48628922 -15.48080625 -13.24417127 -14.66890623
 -12.27838975 -19.94695628 -21.99663508]"
2026-08-22T05-43-37_Tanh()_24_34,200,8,8,200,5,Tanh(),24,1,0.0004051,0.0537189,0.0008284,0.0730399,0.0009023,0.0772605,"[ 1.42912009e+00  4.54752859e-01 -2.33682005e-03 -3.68756416e-01
 -9.88894665e-01 -1.77742390e+00 -2.61979371e+00 -4.62342194e+00]","[1.03010716 1.00585923 0.98991653 0.97398623 0.95846406 0.93726128
 0.91059564 0.87939581]","[-0.38496677 -0.53864361 -0.76016527 -0.51487539 -0.68046371 -0.55763035
 -0.47594    -0.38608687]"
2026-08-22T05-43-37_Tanh()_24_35,200,8,8,200,5,Tanh(),24,1,0.0011715,0.090626,0.0017934,0.1127972,0.0020562,0.1169775,"[ -28.28609054  -28.26768265  -48.4159113   -87.00918555  -87.02535992
 -169.40358503 -169.40970892 -216.91770219]","[1.30785044 0.84843944 0.77203656 0.49726323 0.37765911 0.22369593
 0.13875194 0.04601374]","[-1.86248352e-05 -2.58833790e-05 -1.46394471e-05 -1.04055012e-05
 -9.98124785e-06 -1.41755880e-05 -1.15260834e-05 -1.15895467e-05]"
2026-08-22T05-43-37_Tanh()_24_36,200,8,8,200,5,Tanh(),24,1,0.0006954,0.0696933,0.0010116,0.0842304,0.0010327,0.0827991,"[ 1.48451696  0.49039862  0.01115947 -0.28293601 -1.0042288  -1.76630334
 -2.63850317 -4.13719412]","[1.0310169  1.0072857  0.98636892 0.96062549 0.91617848 0.89247508
 0.87068337 0.84886498]","[-0.62964262 -0.59055066 -0.74635552 -0.74283113 -0.68587089 -0.92699152
 -0.67360476 -0.45866964]"
2026-08-22T05-43-37_Tanh()_24_37,200,8,8,200,5,Tanh(),24,1,0.0004273,0.0552392,0.0010382,0.0818916,0.000775,0.0754041,"[ 1.44374724  0.46221385 -0.00604924 -0.40022675 -1.05112442 -1.71467788
 -2.5207445  -4.45197492]","[1.03368214 1.00640165 0.98985093 0.97193153 0.95571892 0.92680592
 0.90525589 0.85817782]","[-0.45782329 -0.49441559 -0.57928362 -0.65627005 -0.662964   -0.49177829
 -0.5379045  -0.41325538]"
2026-08-22T05-43-37_Tanh()_24_38,200,8,8,200,5,Tanh(),24,1,0.0005307,0.0606949,0.0008033,0.0760961,0.0007845,0.0725597,"[ 1.57109951  0.58112572  0.00747654 -0.24660312 -1.00973581 -1.82027107
 -2.75421834 -4.8454051 ]","[1.03444197 1.00719669 0.99239736 0.9708593  0.94811    0.91907098
 0.87789327 0.82273812]","[-0.73958264 -0.86145721 -0.83826602 -0.9166696  -0.74471682 -0.79658066
 -0.68809583 -0.8205226 ]"
2026-08-22T05-43-37_Tanh()_24_39,200,8,8,200,5,Tanh(),24,1,0.0010137,0.0840211,0.001454,0.1017248,0.0021522,0.1169568,"[ 1.44519727e+00  4.45407323e-01 -8.13213128e-04 -3.81649271e-01
 -1.08810939e+00 -1.89835238e+00 -2.69786039e+00 -4.77013789e+00]","[1.02650493 1.00813496 0.98320669 0.95639561 0.93651301 0.89594431
 0.86331118 0.79237746]","[-1.16635843 -1.02510756 -0.85845318 -1.05110088 -0.83156162 -1.06469959
 -0.78712021 -1.00900344]"
2026-08-22T05-43-37_Tanh()_24_40,200,8,8,200,5,Tanh(),24,1,0.0010987,0.0865914,0.002952,0.1377345,0.0033167,0.1356143,"[  0.22780299  -0.67987629  -4.58187755 -10.94159689 -23.23585784
 -24.13876058 -40.2925473  -53.29076698]","[1.13455804 1.00891429 0.91236954 0.80944259 0.67837841 0.5318451
 0.39698848 0.24831655]","[-28.41411563 -11.90108812 -11.17753367  -9.04868328 -10.71715486
 -13.51634341 -12.34185887 -13.1039311 ]"
2026-08-22T05-43-37_Tanh()_24_41,200,8,8,200,5,Tanh(),24,1,0.0014977,0.1015044,0.002368,0.1301086,0.0018582,0.1133425,"[  0.16340074  -0.86733978  -3.96291419 -12.32839069 -14.11367511
 -14.22711687 -14.65358788 -14.84557412]","[1.20548837 1.05826177 1.02659678 0.91296663 0.85025263 0.76179164
 0.73162629 0.62115603]","[-1.16526903 -0.37156136 -0.3960032  -0.69227842 -0.42031012 -0.56631465
 -0.6534549  -1.06483545]"
2026-08-22T05-43-37_Tanh()_24_42,200,8,8,200,5,Tanh(),24,1,0.0007928,0.0745888,0.0014351,0.0998182,0.0018094,0.1096375,"[ 1.5303861   0.58344495 -0.01193366 -0.33003138 -1.05809493 -1.81394109
 -2.79072793 -4.34289742]","[1.03263276 1.00516133 0.98955491 0.96858534 0.9379419  0.90354101
 0.85726234 0.80750712]","[-2.01977973 -1.51200117 -1.15610882 -2.05441623 -1.17614343 -0.92087374
 -1.31045066 -1.14287708]"
2026-08-22T05-43-37_Tanh()_24_43,200,8,8,200,5,Tanh(),24,1,0.0014279,0.099785,0.0015394,0.1050769,0.0024666,0.1246338,"[ 1.32564906  0.33101141 -1.02177538 -1.3705035  -2.19760165 -3.06723361
 -6.51109211 -7.63385514]","[1.02974615 1.00687622 0.94471396 0.87055434 0.80181691 0.72794446
 0.69328242 0.5862668 ]","[-19.67943674  -6.67783329  -5.96201936  -4.94490062  -7.66332407
  -8.01375854  -5.71154991  -8.9551424 ]"
2026-08-22T05-43-37_Tanh()_24_44,200,8,8,200,5,Tanh(),24,1,0.0008709,0.0781374,0.0012051,0.0895558,0.0017683,0.1068355,"[ 1.45536310e+00  4.21975171e-01 -1.20163557e-03 -2.96118597e-01
 -9.75747171e-01 -1.70069808e+00 -2.72515807e+00 -4.87743293e+00]","[1.02933129 1.00039209 0.98481055 0.95493229 0.92790868 0.88059045
 0.82237121 0.75350679]","[-2.80223165 -2.12062848 -1.64321469 -1.68365314 -1.41303563 -1.59277715
 -2.22012548 -1.8279213 ]"
2026-08-22T05-43-37_Tanh()_24_45,200,8,8,200,5,Tanh(),24,1,0.0010756,0.0870006,0.0015302,0.1029929,0.0014386,0.099268,"[ 1.3609847   0.49229464  0.0137637  -0.30415087 -0.97480622 -1.73272808
 -2.60450858 -4.4384413 ]","[1.02249578 1.00607073 0.98705927 0.96881473 0.94965686 0.92201437
 0.88911457 0.82702282]","[-0.74305589 -0.71371173 -0.82939757 -0.70253917 -0.73243092 -0.64243781
 -0.61355016 -0.5595536 ]"
2026-08-22T05-43-37_Tanh()_24_46,200,8,8,200,5,Tanh(),24,1,0.0008395,0.0756848,0.0013942,0.0975759,0.0019702,0.1002948,"[ 1.52943948  0.58057499  0.00858686 -0.24308856 -1.03320497 -1.75842844
 -2.75980499 -4.73543723]","[1.02615826 1.00730978 0.98974707 0.96977953 0.95106594 0.92398722
 0.88530133 0.82853265]","[-0.75168904 -0.6387355  -0.8386815  -0.76022488 -0.71868876 -0.63527781
 -0.70939208 -0.56696516]"
2026-08-22T05-43-37_Tanh()_24_47,200,8,8,200,5,Tanh(),24,1,0.0005016,0.0590697,0.0007154,0.070606,0.0009983,0.0747822,"[ 1.48300156e+00  4.67422319e-01  3.59443525e-03 -3.48125472e-01
 -1.15097572e+00 -1.92688520e+00 -2.80487919e+00 -4.84444791e+00]","[1.027937   1.00305065 0.96147075 0.93268756 0.90454051 0.87745092
 0.82448642 0.7824578 ]","[-6.27234897 -3.28910393 -4.55909205 -3.19963054 -3.61868223 -3.81291063
 -3.99043002 -4.08847869]"
2026-08-22T05-43-37_Tanh()_24_48,200,8,8,200,5,Tanh(),24,1,0.0008391,0.077516,0.002052,0.1144815,0.0019255,0.11261,"[   0.15109697   -0.84154522  -10.02970378  -17.5452266   -41.2937867
  -65.29412737  -89.63153391 -128.01247659]","[1.35855589 1.11808242 0.86449042 0.67596747 0.46073772 0.33740911
 0.26298883 0.08086675]","[-48.94641578 -22.28890732 -25.78229835 -24.2386583  -17.22739528
 -26.34078042 -13.60369063 -16.32818857]"
2026-08-22T05-43-37_Tanh()_24_49,200,8,8,200,5,Tanh(),24,1,0.0017489,0.1109988,0.002017,0.1196248,0.0027272,0.1354446,"[-18.07786293 -18.62442548 -21.29160407 -25.75582505 -39.6050772
 -40.06821742 -50.02242418 -73.03490141]","[1.14050948 1.05794992 0.86277689 0.73314153 0.6592454  0.55438484
 0.51716234 0.45273187]","[-3.70889495 -5.76706298 -4.37773144 -4.8079657  -4.84948844 -6.9372813
 -5.17776943 -5.30085006]"
2026-08-22T05-43-37_Tanh()_24_50,200,8,8,200,5,Tanh(),24,1,0.0003445,0.0494041,0.0007954,0.0730551,0.0006483,0.0672814,"[ 1.49630721  0.48612507  0.01223612 -0.33805629 -1.05275241 -1.66455808
 -2.58622007 -4.77965959]","[1.02494825 1.00624771 0.99148342 0.97303076 0.95408251 0.93104979
 0.90782471 0.86483622]","[-0.448849   -0.52948077 -0.67534247 -0.65880876 -0.76973891 -0.68179738
 -0.67397497 -0.44306298]"
2026-08-22T10-47-11_Tanh()_32_1,200,8,8,200,5,Tanh(),32,1,3.49e-05,0.0158778,5.74e-05,0.0193205,6.77e-05,0.0217021,"[ 1.58498269e+00  4.57526332e-01 -2.12240158e-03 -3.98588325e-01
 -9.74933867e-01 -1.51236160e+00 -2.52469909e+00 -4.78182704e+00]","[1.03591856 1.00381553 0.99301541 0.97800364 0.96544962 0.94513851
 0.92330333 0.88619544]","[-0.33154356 -0.47693478 -0.44951281 -0.4198483  -0.44405733 -0.34805774
 -0.32754932 -0.19551941]"
2026-08-22T10-47-11_Tanh()_32_2,200,8,8,200,5,Tanh(),32,1,4e-05,0.0170533,7.81e-05,0.02304,8.08e-05,0.0225004,"[ 1.56426002e+00  4.10136221e-01 -3.97614650e-03 -4.72678907e-01
 -9.80781045e-01 -1.54622545e+00 -2.53346797e+00 -4.70289689e+00]","[1.03531531 1.00379602 0.99264141 0.97936715 0.96637161 0.94523771
 0.92069123 0.88634311]","[-0.33498734 -0.42107995 -0.38795442 -0.41436357 -0.42781969 -0.36310165
 -0.36834683 -0.22198733]"
2026-08-22T10-47-11_Tanh()_32_3,200,8,8,200,5,Tanh(),32,1,4.5e-05,0.0181067,9.17e-05,0.0252004,9.49e-05,0.024957,"[ 1.60108467e+00  4.51612209e-01 -2.88263040e-03 -4.02846900e-01
 -9.88159598e-01 -1.61007971e+00 -2.62919950e+00 -4.63306935e+00]","[1.03508436 1.00397967 0.99200033 0.97785166 0.96126828 0.94224426
 0.92219778 0.89030651]","[-0.30775092 -0.45357793 -0.4523136  -0.45004443 -0.49460306 -0.33983133
 -0.29682153 -0.2253908 ]"
2026-08-22T10-47-11_Tanh()_32_4,200,8,8,200,5,Tanh(),32,1,2.34e-05,0.0129837,7.09e-05,0.0211884,4.66e-05,0.0178716,"[ 1.58744678e+00  3.91040897e-01  8.33440333e-04 -4.38683257e-01
 -9.57503219e-01 -1.53009868e+00 -2.49466588e+00 -4.81058919e+00]","[1.03259182 1.00395884 0.99317896 0.97854897 0.9666667  0.94513592
 0.92531092 0.88911661]","[-0.33490514 -0.43980166 -0.39686431 -0.39423648 -0.39034961 -0.32182442
 -0.29381581 -0.21371563]"
2026-08-22T10-47-11_Tanh()_32_5,200,8,8,200,5,Tanh(),32,1,3.32e-05,0.0155437,8.57e-05,0.0241972,9.24e-05,0.0257999,"[ 1.55830194  0.43382131  0.00740392 -0.51498296 -1.06811376 -1.58981504
 -2.51807076 -4.72382671]","[1.03599716 1.00339591 0.99275347 0.97838496 0.96581545 0.94298273
 0.92351956 0.88916229]","[-0.29378267 -0.4180806  -0.37757056 -0.39914716 -0.38939409 -0.32047267
 -0.27670458 -0.20161588]"
2026-08-22T10-47-11_Tanh()_32_6,200,8,8,200,5,Tanh(),32,1,2.8e-05,0.0142666,6.94e-05,0.0215717,5.66e-05,0.0197959,"[ 1.54455876  0.38972908 -0.00816013 -0.4552599  -1.02597642 -1.55936819
 -2.58462746 -4.7048088 ]","[1.03554518 1.00558571 0.99218172 0.97918255 0.96485214 0.94443438
 0.92306802 0.88966908]","[-0.30590389 -0.37041147 -0.37511159 -0.36760672 -0.37188699 -0.32632677
 -0.31556068 -0.23211092]"
2026-08-22T10-47-11_Tanh()_32_7,200,8,8,200,5,Tanh(),32,1,3.37e-05,0.0155507,6.32e-05,0.0200633,7.78e-05,0.0232713,"[ 1.6333371   0.41807631 -0.00489154 -0.49214351 -0.98847474 -1.53458727
 -2.5610802  -4.72644784]","[1.03605882 1.00528239 0.99225992 0.97839201 0.96470429 0.94441756
 0.92400178 0.8873127 ]","[-0.30859293 -0.411333   -0.39713911 -0.39514442 -0.40701454 -0.37456097
 -0.36519478 -0.19976288]"
2026-08-22T10-47-11_Tanh()_32_8,200,8,8,200,5,Tanh(),32,1,4.49e-05,0.0180682,7.12e-05,0.0223747,6.2e-05,0.0216594,"[ 1.61124035e+00  4.81017943e-01 -7.83722624e-05 -3.62568059e-01
 -8.82004955e-01 -1.45827851e+00 -2.63867482e+00 -4.71265389e+00]","[1.0353981  1.00407779 0.99413243 0.97885677 0.96747895 0.94258529
 0.91986455 0.88605471]","[-0.3397692  -0.43835047 -0.44291712 -0.46330819 -0.4747398  -0.41103553
 -0.34064505 -0.21246312]"
2026-08-22T10-47-11_Tanh()_32_9,200,8,8,200,5,Tanh(),32,1,3.5e-05,0.0158261,6.84e-05,0.0221453,8.14e-05,0.0226188,"[ 1.57557154e+00  4.30604374e-01  3.25619147e-03 -4.44360696e-01
 -1.06056615e+00 -1.59838375e+00 -2.54218152e+00 -4.66834455e+00]","[1.03662784 1.00581856 0.99279029 0.97810955 0.96652102 0.94591748
 0.92509403 0.89000805]","[-0.27297319 -0.43106331 -0.4222382  -0.37887825 -0.36112322 -0.33793717
 -0.2751214  -0.18728986]"
2026-08-22T10-47-11_Tanh()_32_10,200,8,8,200,5,Tanh(),32,1,2.29e-05,0.0127843,4.17e-05,0.0166728,5.7e-05,0.0196179,"[ 1.55965062  0.44634415 -0.00477832 -0.40923851 -0.9607975  -1.55867495
 -2.51813846 -4.73485968]","[1.03535683 1.00536966 0.99241547 0.980277   0.9675526  0.94461145
 0.92384286 0.88742894]","[-0.29840857 -0.38478423 -0.39035066 -0.40770764 -0.37810421 -0.38750292
 -0.30527927 -0.21747523]"
2026-08-22T10-47-11_Tanh()_32_11,200,8,8,200,5,Tanh(),32,1,2.66e-05,0.0138795,5.11e-05,0.0188332,5.63e-05,0.0198253,"[ 1.48800618e+00  3.98596168e-01 -2.06394584e-03 -4.59771182e-01
 -9.62745298e-01 -1.49720180e+00 -2.46554584e+00 -4.76106184e+00]","[1.03436346 1.00275945 0.99222334 0.97884583 0.96643837 0.94418189
 0.92371333 0.89037538]","[-0.26858365 -0.40306505 -0.45026806 -0.43329053 -0.39409593 -0.31693356
 -0.2922101  -0.17281093]"
2026-08-22T10-47-11_Tanh()_32_12,200,8,8,200,5,Tanh(),32,1,3.72e-05,0.0164197,6.28e-05,0.0209483,7.26e-05,0.022528,"[ 1.61089498  0.45860503 -0.00508834 -0.47459239 -0.95712504 -1.51427105
 -2.53175001 -4.802559  ]","[1.03198462 1.00698074 0.99342545 0.9794097  0.96358967 0.9437275
 0.92236617 0.88559704]","[-0.29131253 -0.42545715 -0.43675449 -0.45844258 -0.4313041  -0.38256609
 -0.31722242 -0.21742151]"
2026-08-22T10-47-11_Tanh()_32_13,200,8,8,200,5,Tanh(),32,1,4.25e-05,0.0174698,6.21e-05,0.0202882,9.31e-05,0.0252445,"[ 1.62883178  0.46282157  0.00551847 -0.44580889 -0.94261346 -1.58927221
 -2.42733435 -4.74216474]","[1.03296842 1.00296677 0.99261246 0.97922611 0.96205049 0.94421745
 0.92217128 0.88391298]","[-0.29782523 -0.43748764 -0.48844111 -0.45958873 -0.45576014 -0.35406048
 -0.3108115  -0.1994756 ]"
2026-08-22T10-47-11_Tanh()_32_14,200,8,8,200,5,Tanh(),32,1,3.02e-05,0.0148489,5.9e-05,0.0204495,5.27e-05,0.0184614,"[ 1.67158699  0.41415636 -0.00579745 -0.4716659  -0.96179232 -1.60359583
 -2.58791607 -4.68243267]","[1.03631414 1.00424679 0.99291923 0.97817963 0.96736186 0.94494635
 0.92413508 0.88965927]","[-0.29069374 -0.36169774 -0.39070921 -0.40113564 -0.3912566  -0.31802197
 -0.29746182 -0.20732681]"
2026-08-22T10-47-11_Tanh()_32_15,200,8,8,200,5,Tanh(),32,1,2.3e-05,0.0129324,6.21e-05,0.0208268,6.18e-05,0.0204844,"[ 1.55227181  0.3921778   0.00589659 -0.46366546 -1.01454012 -1.60269359
 -2.51599235 -4.77134181]","[1.0363287  1.00499767 0.9923637  0.97710441 0.96717697 0.94544988
 0.92443369 0.88624958]","[-0.29392911 -0.42382575 -0.39311193 -0.36216567 -0.39153245 -0.31253145
 -0.28568407 -0.17492897]"
2026-08-22T10-47-11_Tanh()_32_16,200,8,8,200,5,Tanh(),32,1,2.92e-05,0.0143304,5.41e-05,0.0190096,4.72e-05,0.0181853,"[ 1.55477687e+00  4.49443379e-01 -3.81985617e-03 -4.62237909e-01
 -9.42469750e-01 -1.55041068e+00 -2.49909570e+00 -4.72210527e+00]","[1.0335955  1.00570651 0.99307943 0.97953216 0.96604992 0.94523142
 0.92461996 0.89049072]","[-0.25928416 -0.38269999 -0.38774788 -0.41298481 -0.38821417 -0.35511507
 -0.29848412 -0.16613337]"
2026-08-22T10-47-11_Tanh()_32_17,200,8,8,200,5,Tanh(),32,1,3.23e-05,0.015283,9.8e-05,0.0235158,5.4e-05,0.0196044,"[ 1.55155003  0.39504589  0.00599098 -0.45111801 -0.99167884 -1.5763036
 -2.47123184 -4.75977149]","[1.03472458 1.00366247 0.99365675 0.97934446 0.96615428 0.94483171
 0.92367149 0.89047875]","[-0.27421591 -0.36752336 -0.38068673 -0.37197227 -0.37145589 -0.33638118
 -0.30247817 -0.18823126]"
2026-08-22T10-47-11_Tanh()_32_18,200,8,8,200,5,Tanh(),32,1,3.32e-05,0.015383,5.78e-05,0.0196023,5.91e-05,0.0200684,"[ 1.57871399  0.41506911 -0.00570641 -0.41383761 -0.96106868 -1.55815263
 -2.51965584 -4.77362521]","[1.0345456  1.00480055 0.99263317 0.97770025 0.96873146 0.9444404
 0.92237846 0.8875447 ]","[-0.28791786 -0.37192386 -0.38352084 -0.37079895 -0.36640404 -0.3419556
 -0.3100359  -0.21916396]"
2026-08-22T10-47-11_Tanh()_32_19,200,8,8,200,5,Tanh(),32,1,4.36e-05,0.01784,8.28e-05,0.0241211,6.21e-05,0.0210542,"[ 1.55698797  0.44042898 -0.00615841 -0.48435649 -1.00310682 -1.52381989
 -2.56287061 -4.71650408]","[1.03489679 1.00385125 0.99300653 0.9784227  0.96731684 0.94468566
 0.92349092 0.89306494]","[-0.30497872 -0.39047188 -0.39224474 -0.39973186 -0.36563843 -0.31198485
 -0.27835448 -0.18787995]"
2026-08-22T10-47-11_Tanh()_32_20,200,8,8,200,5,Tanh(),32,1,3.32e-05,0.0153729,8.34e-05,0.0228449,8.04e-05,0.022747,"[ 1.56950865e+00  4.32019109e-01 -2.82630984e-03 -4.53494166e-01
 -1.00138424e+00 -1.54143611e+00 -2.51301035e+00 -4.80542106e+00]","[1.03351649 1.00406345 0.99282456 0.97963758 0.968459   0.94468659
 0.92427427 0.88443728]","[-0.32019341 -0.4212542  -0.37091488 -0.40599941 -0.35664473 -0.3212121
 -0.30154339 -0.19365412]"
2026-08-22T10-47-11_Tanh()_32_21,200,8,8,200,5,Tanh(),32,1,2.95e-05,0.0145154,5.06e-05,0.0179728,4.74e-05,0.0182023,"[ 1.54498496e+00  4.56511086e-01 -9.65677853e-04 -4.45935680e-01
 -9.59750768e-01 -1.51895206e+00 -2.56755165e+00 -4.72788753e+00]","[1.03363369 1.00266822 0.99234741 0.97988011 0.96816687 0.94393081
 0.9230621  0.8862678 ]","[-0.32608795 -0.42843627 -0.38876237 -0.40385716 -0.39064199 -0.34574861
 -0.32014105 -0.19398881]"
2026-08-22T10-47-11_Tanh()_32_22,200,8,8,200,5,Tanh(),32,1,2.88e-05,0.0144364,4.63e-05,0.0180786,6.33e-05,0.0210846,"[ 1.53331536  0.47542271  0.01058405 -0.43042908 -0.98565097 -1.47274268
 -2.45836022 -4.79486644]","[1.03411873 1.00438319 0.99348962 0.97918566 0.96736254 0.94429702
 0.92064238 0.88542186]","[-0.3282645  -0.42470802 -0.41681905 -0.41922819 -0.40559039 -0.33232822
 -0.33410571 -0.20967192]"
2026-08-22T10-47-11_Tanh()_32_23,200,8,8,200,5,Tanh(),32,1,5.26e-05,0.0192574,0.0001062,0.0262343,0.0001185,0.0280815,"[ 1.62045573e+00  4.92143207e-01 -3.86083209e-03 -4.18070197e-01
 -1.00603745e+00 -1.66246483e+00 -2.63034458e+00 -4.72002284e+00]","[1.03633164 1.00544417 0.9929565  0.97778972 0.96505571 0.94426353
 0.92260411 0.88586778]","[-0.28983283 -0.45357847 -0.42622517 -0.47694668 -0.45438562 -0.34960575
 -0.31931578 -0.19570237]"
2026-08-22T10-47-11_Tanh()_32_24,200,8,8,200,5,Tanh(),32,1,3.49e-05,0.0157459,8.2e-05,0.0243157,4.66e-05,0.0183626,"[ 1.55496582e+00  4.45765450e-01 -4.82187240e-03 -4.36105622e-01
 -9.68313751e-01 -1.54613834e+00 -2.49599070e+00 -4.83253594e+00]","[1.03432935 1.00416926 0.99251179 0.97729903 0.96415562 0.94423179
 0.92354177 0.89090042]","[-0.27129609 -0.37891726 -0.3846826  -0.40700479 -0.36676339 -0.36333658
 -0.33633962 -0.21792165]"
2026-08-22T10-47-11_Tanh()_32_25,200,8,8,200,5,Tanh(),32,1,2.83e-05,0.0143925,5.79e-05,0.0202129,5.71e-05,0.0191256,"[ 1.6548157   0.48849669  0.0047894  -0.48797008 -0.97371804 -1.58017479
 -2.63485856 -4.72172916]","[1.03564293 1.00477218 0.99283902 0.97911599 0.96692259 0.94460473
 0.92398403 0.88777893]","[-0.28177968 -0.38608409 -0.36772303 -0.38415348 -0.38758525 -0.31330072
 -0.29065789 -0.22179435]"
2026-08-22T10-47-11_Tanh()_32_26,200,8,8,200,5,Tanh(),32,1,2.86e-05,0.0143051,5.48e-05,0.0190462,6.47e-05,0.0206799,"[ 1.55961888e+00  4.17740760e-01  8.34718897e-04 -4.96151412e-01
 -1.02758019e+00 -1.59293179e+00 -2.53341311e+00 -4.86130691e+00]","[1.0346957  1.00415336 0.99180391 0.97980819 0.96601493 0.94448536
 0.92427267 0.8878356 ]","[-0.30374228 -0.40793774 -0.40805694 -0.38958398 -0.41069236 -0.31491013
 -0.27560106 -0.18365611]"
2026-08-22T10-47-11_Tanh()_32_27,200,8,8,200,5,Tanh(),32,1,2.65e-05,0.0137311,4.63e-05,0.0178415,4.48e-05,0.0175844,"[ 1.52601005  0.4313447  -0.01478389 -0.43682388 -0.99338848 -1.58141938
 -2.56215655 -4.75226935]","[1.03481793 1.00669342 0.99274461 0.97986843 0.96685366 0.94516433
 0.92342844 0.88554227]","[-0.28597494 -0.36006305 -0.36133928 -0.37206198 -0.37611996 -0.35101181
 -0.33525725 -0.19772101]"
2026-08-22T10-47-11_Tanh()_32_28,200,8,8,200,5,Tanh(),32,1,3.42e-05,0.0156696,5.72e-05,0.0192677,6.09e-05,0.0202699,"[ 1.63869599e+00  4.55132207e-01 -3.15086721e-03 -4.74447150e-01
 -9.78052485e-01 -1.53269673e+00 -2.53683907e+00 -4.68270858e+00]","[1.03585394 1.00452603 0.9935002  0.97985588 0.96566292 0.94416259
 0.92349388 0.88950572]","[-0.31931788 -0.40378022 -0.41331295 -0.43018068 -0.44692793 -0.3380417
 -0.31319459 -0.19525064]"
2026-08-22T10-47-11_Tanh()_32_29,200,8,8,200,5,Tanh(),32,1,4.32e-05,0.0174828,7.87e-05,0.0237481,6.32e-05,0.0210592,"[ 1.58403233  0.4743471  -0.00627405 -0.40198078 -0.98615966 -1.58687301
 -2.49277219 -4.83500039]","[1.03236104 1.00568876 0.99207113 0.97741011 0.96780539 0.94339092
 0.92396636 0.88871772]","[-0.32043689 -0.43353345 -0.40027008 -0.42439207 -0.40624079 -0.33541771
 -0.32064236 -0.21175734]"
2026-08-22T10-47-11_Tanh()_32_30,200,8,8,200,5,Tanh(),32,1,2.52e-05,0.0134163,5.44e-05,0.0186268,5.21e-05,0.0189957,"[ 1.52984725e+00  4.38198441e-01 -8.81600890e-04 -4.19820230e-01
 -9.32638722e-01 -1.52255313e+00 -2.51504667e+00 -4.84406464e+00]","[1.03298594 1.00408096 0.9924244  0.9804878  0.96786652 0.94246286
 0.92275956 0.8868324 ]","[-0.30660206 -0.41544787 -0.3867237  -0.39075865 -0.38627419 -0.3438421
 -0.3269248  -0.23401375]"
2026-08-22T10-47-11_Tanh()_32_31,200,8,8,200,5,Tanh(),32,1,2.76e-05,0.0140605,5.92e-05,0.0201217,7.29e-05,0.0216868,"[ 1.50142131  0.41517751 -0.00761337 -0.45481626 -0.97265535 -1.52308994
 -2.48471916 -4.78314377]","[1.03507755 1.00439964 0.99307946 0.98031038 0.96801311 0.94515488
 0.92444123 0.88852828]","[-0.28490729 -0.39317771 -0.36530183 -0.38671847 -0.38053205 -0.33310473
 -0.30844339 -0.17940998]"
2026-08-22T10-47-11_Tanh()_32_32,200,8,8,200,5,Tanh(),32,1,2.49e-05,0.0133537,6.35e-05,0.0200094,5.33e-05,0.0192225,"[ 1.58465854e+00  3.76178933e-01 -2.58008306e-04 -4.29566877e-01
 -9.75760492e-01 -1.51584855e+00 -2.57688245e+00 -4.78308772e+00]","[1.03425344 1.00517387 0.99237072 0.97920889 0.96738154 0.943094
 0.92474727 0.88849003]","[-0.28266142 -0.39100135 -0.39481068 -0.35335099 -0.34809957 -0.35526713
 -0.32374323 -0.19723855]"
2026-08-22T10-47-11_Tanh()_32_33,200,8,8,200,5,Tanh(),32,1,3.28e-05,0.015459,5.98e-05,0.020229,0.0001047,0.0268892,"[ 1.55902776  0.43351695  0.01093232 -0.39527397 -0.96317541 -1.49223949
 -2.60009523 -4.73924633]","[1.03553648 1.00426888 0.99236703 0.98085738 0.96673743 0.94426568
 0.92190105 0.88685633]","[-0.29343467 -0.37696461 -0.39716254 -0.38784669 -0.38589464 -0.3401673
 -0.30752178 -0.20451782]"
2026-08-22T10-47-11_Tanh()_32_34,200,8,8,200,5,Tanh(),32,1,4.04e-05,0.0171193,7.57e-05,0.0229587,0.0001008,0.0261786,"[ 1.58233227  0.49953389  0.00691936 -0.45850917 -0.99062388 -1.60829374
 -2.6160788  -4.71058842]","[1.03473166 1.00370631 0.99181993 0.97928849 0.96759257 0.94383067
 0.92291293 0.88386709]","[-0.30534017 -0.38483737 -0.40350634 -0.41842028 -0.38042475 -0.35831273
 -0.31866259 -0.19999926]"
2026-08-22T10-47-11_Tanh()_32_35,200,8,8,200,5,Tanh(),32,1,3.59e-05,0.0161446,7.1e-05,0.0221508,6.54e-05,0.021605,"[ 1.67630152e+00  4.03148373e-01  2.07863202e-03 -4.20582429e-01
 -9.91017558e-01 -1.59306379e+00 -2.61017042e+00 -4.56695811e+00]","[1.03233593 1.00445045 0.99248472 0.97709058 0.9670072  0.94580234
 0.92365213 0.88962918]","[-0.33881005 -0.41844304 -0.41948022 -0.4272001  -0.42355973 -0.34048956
 -0.33102661 -0.22745126]"
2026-08-22T10-47-11_Tanh()_32_36,200,8,8,200,5,Tanh(),32,1,2.92e-05,0.014324,5.85e-05,0.0197172,4.94e-05,0.0185161,"[ 1.53583419  0.48041682  0.01170072 -0.53786409 -0.99539939 -1.56950695
 -2.47613275 -4.76849205]","[1.03497335 1.00513559 0.99259171 0.97963694 0.96740218 0.94347382
 0.92384102 0.88872379]","[-0.31642721 -0.40351744 -0.36517688 -0.37520296 -0.37424046 -0.35158448
 -0.32791067 -0.20937238]"
2026-08-22T10-47-11_Tanh()_32_37,200,8,8,200,5,Tanh(),32,1,3.55e-05,0.0157964,7.42e-05,0.0218342,7.79e-05,0.0227816,"[ 1.57398741  0.41054241 -0.01159333 -0.45176816 -1.02540155 -1.55205709
 -2.63229997 -4.7561189 ]","[1.03415294 1.00306679 0.99243509 0.97757223 0.9644972  0.94401887
 0.9227341  0.88898287]","[-0.33506218 -0.44064053 -0.39640691 -0.41544325 -0.43477654 -0.3656835
 -0.31306241 -0.25920859]"
2026-08-22T10-47-11_Tanh()_32_38,200,8,8,200,5,Tanh(),32,1,3.2e-05,0.0152092,4.52e-05,0.0179197,5.74e-05,0.0191639,"[ 1.61108161e+00  4.38862415e-01 -8.71514176e-04 -4.77035623e-01
 -1.06986749e+00 -1.57835704e+00 -2.60960922e+00 -4.71788254e+00]","[1.03518958 1.00522904 0.99283128 0.97882871 0.96598893 0.94448967
 0.92410956 0.89029522]","[-0.2862388  -0.39058888 -0.39409162 -0.40617235 -0.40203953 -0.38362268
 -0.33533878 -0.2008893 ]"
2026-08-22T10-47-11_Tanh()_32_39,200,8,8,200,5,Tanh(),32,1,2.92e-05,0.0144173,9.5e-05,0.023151,7.36e-05,0.021696,"[ 1.54465226e+00  4.68147218e-01 -1.93229775e-03 -4.97698620e-01
 -1.01904468e+00 -1.58456866e+00 -2.47028046e+00 -4.87798600e+00]","[1.03495841 1.00379212 0.99227658 0.9758987  0.96429692 0.94434557
 0.92372577 0.8850433 ]","[-0.33143438 -0.42463106 -0.41298548 -0.38416087 -0.40139865 -0.34611331
 -0.31736639 -0.19549195]"
2026-08-22T10-47-11_Tanh()_32_40,200,8,8,200,5,Tanh(),32,1,3.29e-05,0.0152449,8.13e-05,0.0236869,0.0001684,0.02675,"[ 1.54289883  0.42678582 -0.00880135 -0.4347213  -0.99772192 -1.55402958
 -2.41709782 -4.75353639]","[1.03203516 1.00536696 0.99307347 0.97892038 0.96729801 0.94501486
 0.92541138 0.89360733]","[-0.29430347 -0.41714122 -0.36361437 -0.3668343  -0.34579817 -0.34441438
 -0.31243242 -0.17841595]"
2026-08-22T10-47-11_Tanh()_32_41,200,8,8,200,5,Tanh(),32,1,3.99e-05,0.0170833,8.2e-05,0.0241533,5.87e-05,0.020157,"[ 1.65765025e+00  5.17583716e-01  4.40398478e-03 -3.57448585e-01
 -8.90457698e-01 -1.53849932e+00 -2.61077111e+00 -4.76476165e+00]","[1.03309862 1.00677634 0.99245562 0.9801727  0.96670126 0.94479752
 0.92206333 0.88759716]","[-0.3203746  -0.43363298 -0.40886869 -0.37290607 -0.4105539  -0.37860215
 -0.30856565 -0.22087153]"
2026-08-22T10-47-11_Tanh()_32_42,200,8,8,200,5,Tanh(),32,1,2.68e-05,0.0139065,7.76e-05,0.0228912,5.73e-05,0.0192899,"[ 1.62525224e+00  4.17771698e-01 -2.33426384e-03 -4.91663914e-01
 -9.68191470e-01 -1.60059673e+00 -2.57390359e+00 -4.65633445e+00]","[1.03559651 1.0041758  0.99235069 0.97892384 0.96629257 0.94514423
 0.92515084 0.88970559]","[-0.30815035 -0.39354514 -0.37455885 -0.38058193 -0.36958583 -0.34277672
 -0.29306479 -0.1974332 ]"
2026-08-22T10-47-11_Tanh()_32_43,200,8,8,200,5,Tanh(),32,1,3.05e-05,0.0148376,6.04e-05,0.0206723,0.0001211,0.0237462,"[ 1.5319549   0.46224214 -0.00531444 -0.46356194 -1.02813689 -1.58641598
 -2.5269356  -4.67582955]","[1.03422297 1.00446683 0.99304465 0.97751506 0.9652232  0.94407673
 0.92404237 0.88983507]","[-0.29074512 -0.41271382 -0.41993597 -0.38882614 -0.4024299  -0.3339888
 -0.29991063 -0.19280136]"
2026-08-22T10-47-11_Tanh()_32_44,200,8,8,200,5,Tanh(),32,1,2.87e-05,0.0142792,5.98e-05,0.0198514,7.85e-05,0.0220376,"[ 1.50900221e+00  4.10777363e-01 -1.55199363e-03 -4.08699971e-01
 -9.78679497e-01 -1.53059074e+00 -2.54962851e+00 -4.73019718e+00]","[1.03434893 1.00416349 0.99290411 0.97904982 0.96661167 0.94371717
 0.92346203 0.88757583]","[-0.30245309 -0.36431083 -0.38162176 -0.3957124  -0.3755265  -0.35095268
 -0.3109594  -0.19170289]"
2026-08-22T10-47-11_Tanh()_32_45,200,8,8,200,5,Tanh(),32,1,3.53e-05,0.0161213,5.69e-05,0.0200587,6.1e-05,0.0207825,"[ 1.58268493  0.4281856  -0.00561996 -0.39639593 -0.97243083 -1.53525219
 -2.55592212 -4.84185381]","[1.03407637 1.00541352 0.9921677  0.97913756 0.96409445 0.94485054
 0.92256339 0.88632375]","[-0.30157404 -0.40016704 -0.37942255 -0.39166551 -0.40006641 -0.37208524
 -0.32292494 -0.19050916]"
2026-08-22T10-47-11_Tanh()_32_46,200,8,8,200,5,Tanh(),32,1,3.5e-05,0.0159044,8.75e-05,0.0252026,7.08e-05,0.0209992,"[ 1.5983463   0.38838365 -0.00864575 -0.44895573 -0.96900565 -1.61722422
 -2.55811768 -4.59504254]","[1.03457094 1.00598035 0.99294674 0.97821555 0.96854696 0.94496634
 0.92331077 0.89066336]","[-0.29656198 -0.3988873  -0.39102632 -0.38528145 -0.38301938 -0.33308404
 -0.31883903 -0.22486985]"
2026-08-22T10-47-11_Tanh()_32_47,200,8,8,200,5,Tanh(),32,1,3.43e-05,0.0156765,6.42e-05,0.0209259,6.87e-05,0.0217192,"[ 1.5335448   0.41316618  0.00679821 -0.44154074 -0.95638535 -1.49730541
 -2.45762962 -4.78324289]","[1.033958   1.00321736 0.99262774 0.97805268 0.96600186 0.94449634
 0.92438522 0.88905361]","[-0.30422412 -0.38438372 -0.39603025 -0.40383457 -0.40030159 -0.33639223
 -0.29758318 -0.20492619]"
2026-08-22T10-47-11_Tanh()_32_48,200,8,8,200,5,Tanh(),32,1,2.53e-05,0.0134845,6.92e-05,0.0205463,8.96e-05,0.0221479,"[ 1.56342744  0.39128242  0.00899967 -0.49929647 -1.03083882 -1.56770986
 -2.51546528 -4.70985432]","[1.03652217 1.00162865 0.99210576 0.9790658  0.96738961 0.94588714
 0.92439234 0.89080551]","[-0.27999827 -0.38138594 -0.38853658 -0.35931937 -0.35931966 -0.30918158
 -0.29408443 -0.19793926]"
2026-08-22T10-47-11_Tanh()_32_49,200,8,8,200,5,Tanh(),32,1,3.05e-05,0.0147821,5.41e-05,0.0187021,4.74e-05,0.0183557,"[ 1.55838711  0.40683962 -0.00833735 -0.46796407 -0.97724796 -1.5782518
 -2.49581802 -4.74342657]","[1.03545207 1.00342096 0.99275617 0.9770289  0.96677384 0.94534326
 0.92368772 0.88467094]","[-0.33257193 -0.40677712 -0.36562611 -0.37591109 -0.36541269 -0.31783511
 -0.29986269 -0.19343688]"
2026-08-22T10-47-11_Tanh()_32_50,200,8,8,200,5,Tanh(),32,1,3.68e-05,0.0161633,9.84e-05,0.0258262,8.04e-05,0.0217825,"[ 1.5443278   0.41966633 -0.00795918 -0.40639455 -1.00961275 -1.57153744
 -2.51292194 -4.66365733]","[1.03321906 1.0044652  0.99275104 0.97756353 0.96600105 0.94467635
 0.92539972 0.89403576]","[-0.29525919 -0.39937454 -0.37104831 -0.39360718 -0.37333033 -0.36341242
 -0.31485455 -0.16601377]"
2026-08-22T15-33-05_Tanh()_64_1,200,8,8,200,5,Tanh(),64,1,6.5e-06,0.0069234,3.06e-05,0.0136315,2.62e-05,0.013276,"[ 1.58576007  0.397158   -0.01566312 -0.56151221 -1.14713497 -1.6588973
 -2.618706   -4.6555433 ]","[1.0347428  1.00362829 0.99202364 0.97792201 0.96703273 0.94511956
 0.92605961 0.88807169]","[-0.29415535 -0.41991657 -0.39436962 -0.31128862 -0.29942815 -0.28912457
 -0.26913161 -0.17720084]"
2026-08-22T15-33-05_Tanh()_64_2,200,8,8,200,5,Tanh(),64,1,7.7e-06,0.0075241,3.13e-05,0.0144291,3.6e-05,0.01497,"[ 1.51579695  0.37330166  0.00865316 -0.51840544 -1.12103946 -1.59312543
 -2.49430554 -4.73687646]","[1.03495403 1.00513838 0.99315886 0.97996733 0.96747642 0.94472955
 0.92717086 0.88570973]","[-0.28309803 -0.37172107 -0.38209237 -0.35835868 -0.32893793 -0.3591614
 -0.29236271 -0.17954038]"
2026-08-22T15-33-05_Tanh()_64_3,200,8,8,200,5,Tanh(),64,1,7.6e-06,0.0074547,4.67e-05,0.0171334,3.33e-05,0.0150593,"[ 1.54303348  0.32831076 -0.01123137 -0.57100006 -1.10732431 -1.66919269
 -2.55564397 -4.77903849]","[1.03485949 1.00309004 0.99208869 0.97896431 0.96681512 0.94525333
 0.92583752 0.88568654]","[-0.28788988 -0.35286141 -0.39832614 -0.33771738 -0.36574926 -0.3310866
 -0.31048115 -0.17775983]"
2026-08-22T15-33-05_Tanh()_64_4,200,8,8,200,5,Tanh(),64,1,5.6e-06,0.0064026,7.53e-05,0.0181171,3.46e-05,0.0144428,"[ 1.50715307  0.41034971 -0.00624492 -0.55013644 -1.09155577 -1.61770147
 -2.44945457 -4.78396318]","[1.03397162 1.00351107 0.99242192 0.97875766 0.96882299 0.94522686
 0.9265858  0.88744566]","[-0.30522674 -0.38656359 -0.38634871 -0.35592733 -0.33099807 -0.31698673
 -0.29773549 -0.18118429]"
2026-08-22T15-33-05_Tanh()_64_5,200,8,8,200,5,Tanh(),64,1,6e-06,0.0066041,3.39e-05,0.0150732,3.79e-05,0.0160964,"[ 1.52187494e+00  3.69878232e-01 -1.33850610e-03 -5.47507368e-01
 -1.09112262e+00 -1.62329727e+00 -2.49472240e+00 -4.78976568e+00]","[1.03416844 1.00364976 0.99161495 0.97889315 0.96680915 0.94444162
 0.92581015 0.8867339 ]","[-0.31942481 -0.37515831 -0.35064259 -0.34406081 -0.33870719 -0.30708209
 -0.29269387 -0.1858378 ]"
2026-08-22T15-33-05_Tanh()_64_6,200,8,8,200,5,Tanh(),64,1,6.7e-06,0.0070504,3.68e-05,0.0155845,2.17e-05,0.01257,"[ 1.52723873  0.32079873 -0.0069866  -0.56567599 -1.13232643 -1.6157633
 -2.51403085 -4.85835451]","[1.0348891  1.00170923 0.99308717 0.97908258 0.96700568 0.9444825
 0.92592425 0.88746386]","[-0.28047541 -0.36760101 -0.38009879 -0.35773165 -0.3295931  -0.31095038
 -0.28209803 -0.17989221]"
2026-08-22T15-33-05_Tanh()_64_7,200,8,8,200,5,Tanh(),64,1,6e-06,0.0065977,3.81e-05,0.0160728,2.79e-05,0.0139322,"[ 1.52598339  0.39609949 -0.00576903 -0.51684604 -1.06630275 -1.65301424
 -2.55294142 -4.83010972]","[1.03478786 1.00491629 0.99239085 0.97920673 0.96750323 0.94395777
 0.92496538 0.88346992]","[-0.28916774 -0.3636222  -0.37450558 -0.36077321 -0.34939716 -0.32444553
 -0.29759446 -0.18216918]"
2026-08-22T15-33-05_Tanh()_64_8,200,8,8,200,5,Tanh(),64,1,6.1e-06,0.0066702,2.38e-05,0.012768,2.21e-05,0.0119188,"[ 1.53513343e+00  4.38216995e-01 -1.69332649e-04 -5.67528942e-01
 -1.08729878e+00 -1.61836569e+00 -2.52457875e+00 -4.76700784e+00]","[1.03519783 1.00484777 0.99253992 0.97887629 0.96753913 0.94473863
 0.92643742 0.88856923]","[-0.27478453 -0.3677482  -0.3712854  -0.34252612 -0.36724867 -0.32516885
 -0.31323572 -0.16317909]"
2026-08-22T15-33-05_Tanh()_64_9,200,8,8,200,5,Tanh(),64,1,6.2e-06,0.0067341,3.39e-05,0.0147036,2.66e-05,0.0136298,"[ 1.52417294e+00  4.35769741e-01 -3.33251839e-03 -5.59736520e-01
 -1.10516340e+00 -1.61056411e+00 -2.53366824e+00 -4.66420687e+00]","[1.03396268 1.0039102  0.99195715 0.97891621 0.96776699 0.9447376
 0.92630035 0.88940278]","[-0.2708798  -0.35113459 -0.36120812 -0.33851112 -0.32069962 -0.27303963
 -0.25969106 -0.17084893]"
2026-08-22T15-33-05_Tanh()_64_10,200,8,8,200,5,Tanh(),64,1,6.4e-06,0.0068249,2.87e-05,0.0139997,3.46e-05,0.0155909,"[ 1.54451908e+00  3.28632882e-01  1.09360276e-03 -5.33629351e-01
 -1.05074673e+00 -1.58947474e+00 -2.44122535e+00 -4.77914175e+00]","[1.03493054 1.00490116 0.99296429 0.97951963 0.96880353 0.94526624
 0.92613338 0.88790983]","[-0.29364592 -0.37873155 -0.38470648 -0.36099295 -0.33223109 -0.32087855
 -0.30556613 -0.15912613]"
2026-08-22T15-33-05_Tanh()_64_11,200,8,8,200,5,Tanh(),64,1,5.7e-06,0.0065226,2.95e-05,0.0135708,3.04e-05,0.014105,"[ 1.53275334e+00  3.63849437e-01  3.69788708e-03 -5.41533127e-01
 -1.07268705e+00 -1.63864371e+00 -2.49275787e+00 -4.74421243e+00]","[1.03538444 1.00342803 0.99247568 0.97905801 0.96806223 0.9452229
 0.9260585  0.8910991 ]","[-0.31004444 -0.36253928 -0.3493357  -0.34600319 -0.32112275 -0.31250336
 -0.24899205 -0.16521835]"
2026-08-22T15-33-05_Tanh()_64_12,200,8,8,200,5,Tanh(),64,1,7.1e-06,0.0072121,4.28e-05,0.0158205,2.85e-05,0.013546,"[ 1.49977026  0.39311409 -0.00953303 -0.57294989 -1.13124495 -1.65108943
 -2.5285936  -4.665245  ]","[1.03357863 1.00296612 0.99257191 0.97939131 0.96841485 0.94532801
 0.92637551 0.89005814]","[-0.30480426 -0.38076044 -0.41962189 -0.35953102 -0.35367288 -0.35688611
 -0.27494301 -0.16082446]"
2026-08-22T15-33-05_Tanh()_64_13,200,8,8,200,5,Tanh(),64,1,6.9e-06,0.0071825,4.14e-05,0.0149983,2.51e-05,0.0133249,"[ 1.54914452e+00  4.56476978e-01 -1.30466454e-03 -5.29454831e-01
 -1.13239378e+00 -1.62265387e+00 -2.52957418e+00 -4.72065333e+00]","[1.03499888 1.00222439 0.9920315  0.97938385 0.96808175 0.94545333
 0.92552629 0.88691882]","[-0.26130042 -0.37031606 -0.39195376 -0.35654916 -0.34598678 -0.35520925
 -0.29085136 -0.16229814]"
2026-08-22T15-33-05_Tanh()_64_14,200,8,8,200,5,Tanh(),64,1,6.4e-06,0.0068749,4.4e-05,0.0173013,1.93e-05,0.0117538,"[ 1.55357232  0.3551215  -0.01663414 -0.54861541 -1.13588406 -1.60745165
 -2.53054891 -4.82893099]","[1.03489158 1.00313326 0.99190969 0.97929813 0.96611951 0.94320632
 0.92439286 0.88607522]","[-0.33735048 -0.37656086 -0.3749582  -0.36224246 -0.34533721 -0.3118732
 -0.28759791 -0.15965686]"
2026-08-22T15-33-05_Tanh()_64_15,200,8,8,200,5,Tanh(),64,1,5.5e-06,0.0063709,5.84e-05,0.0185002,3.05e-05,0.0139178,"[ 1.54290014e+00  4.03457745e-01 -3.36605420e-03 -5.46361026e-01
 -1.11422519e+00 -1.63489321e+00 -2.49584651e+00 -4.82539316e+00]","[1.03400878 1.00451893 0.99195239 0.97879428 0.96856701 0.94502304
 0.92620025 0.88589001]","[-0.30062782 -0.36263104 -0.34708516 -0.34717826 -0.35604631 -0.30844502
 -0.27824004 -0.17706129]"
2026-08-22T15-33-05_Tanh()_64_16,200,8,8,200,5,Tanh(),64,1,6.9e-06,0.0071307,3.23e-05,0.0147471,3.01e-05,0.0135652,"[ 1.57670453  0.35893944 -0.00900477 -0.53946562 -1.12393253 -1.67059251
 -2.55817092 -4.80193061]","[1.03581718 1.00386576 0.99211744 0.97755671 0.96781293 0.94408644
 0.9251689  0.88793125]","[-0.2728345  -0.40637532 -0.41079298 -0.35788651 -0.33448447 -0.34005555
 -0.28092832 -0.17526289]"
2026-08-22T15-33-05_Tanh()_64_17,200,8,8,200,5,Tanh(),64,1,6.8e-06,0.0070717,5.58e-05,0.01807,2.25e-05,0.0125298,"[ 1.52912068e+00  3.84329190e-01 -3.22527213e-04 -5.55043979e-01
 -1.06021741e+00 -1.62815539e+00 -2.52634480e+00 -4.64624037e+00]","[1.03498166 1.00378679 0.99238138 0.97966081 0.9674048  0.94408927
 0.92547333 0.88605114]","[-0.31325419 -0.39035563 -0.40805898 -0.36298639 -0.36735827 -0.3115421
 -0.29706801 -0.18870268]"
2026-08-22T15-33-05_Tanh()_64_18,200,8,8,200,5,Tanh(),64,1,6.3e-06,0.006809,2.9e-05,0.0129746,2.41e-05,0.0127336,"[ 1.50706062  0.38678303 -0.01621623 -0.5412952  -1.08533798 -1.61823443
 -2.44192275 -4.79794229]","[1.03464097 1.005706   0.99268291 0.97969179 0.96704402 0.94349321
 0.92498999 0.88673638]","[-0.30374351 -0.36971911 -0.35995649 -0.34878634 -0.33199048 -0.32880479
 -0.28824904 -0.17249452]"
2026-08-22T15-33-05_Tanh()_64_19,200,8,8,200,5,Tanh(),64,1,8.4e-06,0.0078541,3.22e-05,0.0149596,2.63e-05,0.0133863,"[ 1.55877617e+00  3.95358925e-01 -1.94175985e-03 -5.62414294e-01
 -1.06752832e+00 -1.63719014e+00 -2.55101277e+00 -4.80470962e+00]","[1.0346499  1.00475607 0.99253549 0.97827712 0.96757627 0.94430548
 0.92531879 0.88593527]","[-0.28998447 -0.35653629 -0.38264925 -0.35602485 -0.33466246 -0.31544892
 -0.28393276 -0.17883374]"
2026-08-22T15-33-05_Tanh()_64_20,200,8,8,200,5,Tanh(),64,1,6.7e-06,0.0069811,5.55e-05,0.0168988,3.26e-05,0.0139215,"[ 1.55026492  0.35051549 -0.01143595 -0.53144474 -1.08486347 -1.61593235
 -2.46796636 -4.85515758]","[1.03493048 1.00433981 0.99216264 0.97859037 0.96876036 0.94571972
 0.92701966 0.88522696]","[-0.30603029 -0.38390661 -0.39419926 -0.33797096 -0.30876431 -0.31071855
 -0.28757443 -0.17570686]"
2026-08-22T15-33-05_Tanh()_64_21,200,8,8,200,5,Tanh(),64,1,8.9e-06,0.0080851,3.07e-05,0.0143395,2.8e-05,0.0141259,"[ 1.61152992e+00  4.11567371e-01  1.03332566e-03 -6.33963859e-01
 -1.10202208e+00 -1.61640507e+00 -2.62715212e+00 -4.77076754e+00]","[1.03482145 1.00421018 0.99226374 0.97894914 0.9679542  0.94417376
 0.92377198 0.88585444]","[-0.29126936 -0.37879964 -0.3706727  -0.37742081 -0.37284673 -0.33911127
 -0.30477094 -0.166815  ]"
2026-08-22T15-33-05_Tanh()_64_22,200,8,8,200,5,Tanh(),64,1,6.8e-06,0.0070927,2.95e-05,0.0138462,2.84e-05,0.0143471,"[ 1.52024993e+00  4.06412173e-01 -4.64478351e-03 -5.08502064e-01
 -1.07668327e+00 -1.66370630e+00 -2.56753107e+00 -4.77554037e+00]","[1.03402678 1.00366009 0.99257992 0.97823926 0.9687056  0.9454033
 0.92526064 0.88517046]","[-0.32672117 -0.37128283 -0.36217332 -0.32843771 -0.30450971 -0.30779102
 -0.27206365 -0.17356284]"
2026-08-22T15-33-05_Tanh()_64_23,200,8,8,200,5,Tanh(),64,1,5.9e-06,0.0065687,3.53e-05,0.0147973,3.21e-05,0.0148993,"[ 1.59792156e+00  3.87141697e-01  1.57192082e-04 -5.40345227e-01
 -1.12092541e+00 -1.62994473e+00 -2.49401960e+00 -4.83918703e+00]","[1.03392388 1.00184097 0.99255061 0.97872838 0.96544385 0.94381545
 0.92531289 0.88600714]","[-0.28534788 -0.37439227 -0.38453166 -0.36280009 -0.36210379 -0.3384116
 -0.26257147 -0.19021697]"
2026-08-22T15-33-05_Tanh()_64_24,200,8,8,200,5,Tanh(),64,1,6.7e-06,0.0070523,5.21e-05,0.017733,4.2e-05,0.0155376,"[ 1.54841794  0.32860933 -0.00737505 -0.55821657 -1.12161166 -1.62581983
 -2.43008402 -4.72664842]","[1.03509784 1.00483981 0.99244685 0.97798796 0.96806674 0.94452855
 0.92519943 0.88749435]","[-0.2967111  -0.39052916 -0.37888308 -0.35746262 -0.35092004 -0.32978912
 -0.31404943 -0.16497041]"
2026-08-22T15-33-05_Tanh()_64_25,200,8,8,200,5,Tanh(),64,1,6.3e-06,0.0067935,2.99e-05,0.0140923,3.37e-05,0.014714,"[ 1.50378695  0.34578036 -0.01116622 -0.506485   -1.05875802 -1.6134499
 -2.47969749 -4.75749722]","[1.03392221 1.00481062 0.99202164 0.97863861 0.96827521 0.94437825
 0.92468505 0.89170436]","[-0.26887417 -0.36017992 -0.36253568 -0.34166011 -0.34474372 -0.34209312
 -0.30642532 -0.15751388]"
2026-08-22T15-33-05_Tanh()_64_26,200,8,8,200,5,Tanh(),64,1,6.9e-06,0.0071208,3.04e-05,0.0140209,3.95e-05,0.0157555,"[ 1.58062462  0.38040607 -0.00560336 -0.56513452 -1.07891738 -1.60853292
 -2.58538107 -4.81185319]","[1.03528343 1.00324553 0.99205904 0.97920273 0.96759025 0.94375397
 0.92583122 0.88636204]","[-0.2943115  -0.42150213 -0.38653833 -0.3667686  -0.33214885 -0.29195913
 -0.28130115 -0.17823652]"
2026-08-22T15-33-05_Tanh()_64_27,200,8,8,200,5,Tanh(),64,1,6.8e-06,0.0071137,4.01e-05,0.0166208,2.81e-05,0.0141573,"[ 1.50436557e+00  4.08440082e-01  1.11667946e-03 -5.06246447e-01
 -1.15666501e+00 -1.67272342e+00 -2.47834731e+00 -4.92966700e+00]","[1.03415432 1.00321072 0.99190847 0.97873709 0.96737837 0.94411996
 0.92439185 0.88503512]","[-0.32327987 -0.39821843 -0.36071486 -0.34985623 -0.33353502 -0.30987731
 -0.27013352 -0.18272607]"
2026-08-22T15-33-05_Tanh()_64_28,200,8,8,200,5,Tanh(),64,1,6.6e-06,0.0069118,2.74e-05,0.0132208,2.83e-05,0.0143463,"[ 1.5631182   0.40938114 -0.01259049 -0.53074557 -1.10232008 -1.62957185
 -2.51934764 -4.77612481]","[1.03435046 1.00380606 0.99236613 0.97934631 0.96837268 0.94442182
 0.9233958  0.8824274 ]","[-0.29823085 -0.379764   -0.34859337 -0.3447044  -0.35560547 -0.33612903
 -0.31188973 -0.19098154]"
2026-08-22T15-33-05_Tanh()_64_29,200,8,8,200,5,Tanh(),64,1,6.8e-06,0.0070662,3.47e-05,0.0152739,2.85e-05,0.0138522,"[ 1.52298034  0.32503836 -0.00682207 -0.51217889 -1.11392177 -1.6324935
 -2.53788738 -4.76900394]","[1.03474067 1.00398369 0.99258091 0.97904946 0.96859318 0.94527605
 0.92519777 0.88875787]","[-0.27696378 -0.36665082 -0.33892854 -0.32218278 -0.30733322 -0.32576231
 -0.2883313  -0.17299623]"
2026-08-22T15-33-05_Tanh()_64_30,200,8,8,200,5,Tanh(),64,1,7.2e-06,0.0071952,3.02e-05,0.0140418,3.38e-05,0.0148241,"[ 1.58719849  0.38243723 -0.01128362 -0.57192792 -1.07323393 -1.62297836
 -2.47840813 -4.89001969]","[1.03527563 1.00387794 0.99169822 0.97808971 0.96787476 0.94411235
 0.92546544 0.88498538]","[-0.31726093 -0.39448834 -0.39760961 -0.36970281 -0.3515365  -0.32828064
 -0.32386277 -0.21935589]"
2026-08-22T15-33-05_Tanh()_64_31,200,8,8,200,5,Tanh(),64,1,6.4e-06,0.0068844,3.79e-05,0.0147698,4.61e-05,0.0167908,"[ 1.55221732  0.38049298 -0.00715339 -0.54596856 -1.08900023 -1.64435188
 -2.5319261  -4.78406823]","[1.03472217 1.00395618 0.99218192 0.97901528 0.9669606  0.94528143
 0.92576513 0.8858503 ]","[-0.28990706 -0.37089477 -0.38342387 -0.35477662 -0.3290977  -0.30089469
 -0.28228442 -0.18108811]"
2026-08-22T15-33-05_Tanh()_64_32,200,8,8,200,5,Tanh(),64,1,7.3e-06,0.007292,3.17e-05,0.0145995,3.25e-05,0.0147634,"[ 1.54877979e+00  4.23488009e-01  5.26527032e-04 -5.83103433e-01
 -1.06404164e+00 -1.63287774e+00 -2.50836201e+00 -4.74859687e+00]","[1.03595215 1.00315399 0.99192379 0.97887566 0.96765786 0.94469872
 0.92423266 0.88942699]","[-0.29488244 -0.36735926 -0.36236    -0.32739564 -0.34329021 -0.30938536
 -0.27947966 -0.17049165]"
2026-08-22T15-33-05_Tanh()_64_33,200,8,8,200,5,Tanh(),64,1,6.2e-06,0.0067167,2.7e-05,0.013377,3.47e-05,0.0150484,"[ 1.58185859e+00  4.23197163e-01 -3.08557128e-03 -5.81445050e-01
 -1.13965126e+00 -1.68642548e+00 -2.59299695e+00 -4.69268103e+00]","[1.03474295 1.00309117 0.9918577  0.97829985 0.96608085 0.94365273
 0.92517658 0.8884661 ]","[-0.29039396 -0.37041721 -0.36719417 -0.3514925  -0.32663619 -0.28720873
 -0.2705921  -0.17128159]"
2026-08-22T15-33-05_Tanh()_64_34,200,8,8,200,5,Tanh(),64,1,7e-06,0.0071625,2.54e-05,0.0133396,3.8e-05,0.0155715,"[ 1.48407922  0.38230234  0.01220678 -0.54946952 -1.14827667 -1.6364609
 -2.55926471 -4.75325422]","[1.03448761 1.00384971 0.99243853 0.97912742 0.96729965 0.94420535
 0.92408964 0.88929869]","[-0.31743936 -0.38099007 -0.37041734 -0.37088464 -0.33955136 -0.31728527
 -0.27850514 -0.17605284]"
2026-08-22T15-33-05_Tanh()_64_35,200,8,8,200,5,Tanh(),64,1,5.2e-06,0.0062201,2.81e-05,0.0136791,1.97e-05,0.0114858,"[ 1.50668792  0.42471277 -0.00982383 -0.4985413  -1.04673142 -1.5901127
 -2.47681645 -4.84342156]","[1.03470867 1.00387343 0.99226608 0.97972477 0.96909    0.94375921
 0.92430613 0.8875019 ]","[-0.26655119 -0.36163156 -0.38630747 -0.33988398 -0.33308432 -0.3431065
 -0.31760926 -0.14655659]"
2026-08-22T15-33-05_Tanh()_64_36,200,8,8,200,5,Tanh(),64,1,6.3e-06,0.0068057,3.03e-05,0.0142185,2.76e-05,0.0139407,"[ 1.52148653  0.38064993 -0.00584319 -0.5277677  -1.0990043  -1.6350512
 -2.44268503 -4.87550974]","[1.03506343 1.00423934 0.99150462 0.97856531 0.96472321 0.94582327
 0.92506042 0.88783038]","[-0.28606827 -0.37420741 -0.40254393 -0.39267447 -0.38582723 -0.29295745
 -0.28538335 -0.17973912]"
2026-08-22T15-33-05_Tanh()_64_37,200,8,8,200,5,Tanh(),64,1,6.6e-06,0.0069558,5.74e-05,0.0166404,3.08e-05,0.0143636,"[ 1.48007969  0.35524873 -0.00565602 -0.54052179 -1.14728841 -1.64592507
 -2.43619303 -4.74777143]","[1.0359546  1.00114742 0.99121585 0.97889587 0.96531619 0.94454638
 0.92587755 0.8891463 ]","[-0.30239636 -0.39882457 -0.39444961 -0.36566415 -0.35185044 -0.29774139
 -0.26320572 -0.15945349]"
2026-08-22T15-33-05_Tanh()_64_38,200,8,8,200,5,Tanh(),64,1,6e-06,0.0066645,2.38e-05,0.0125696,2.37e-05,0.0124669,"[ 1.56343472  0.34321322 -0.00672789 -0.53184936 -1.12666241 -1.5991951
 -2.59228225 -4.71442278]","[1.03422672 1.0049529  0.99216873 0.9783621  0.96830255 0.94433553
 0.92540512 0.88759561]","[-0.26798881 -0.38878607 -0.39058007 -0.36691733 -0.32176082 -0.29969037
 -0.27540704 -0.15299552]"
2026-08-22T15-33-05_Tanh()_64_39,200,8,8,200,5,Tanh(),64,1,6.9e-06,0.0071655,3.81e-05,0.0157275,4.9e-05,0.0161055,"[ 1.54512876  0.36769183 -0.0140664  -0.51302116 -1.03676877 -1.61481634
 -2.4372295  -4.82647976]","[1.03216406 1.00393958 0.99250066 0.97999751 0.96870925 0.9441634
 0.92438365 0.88903962]","[-0.3168921  -0.38963421 -0.35339627 -0.34279024 -0.31610346 -0.33908606
 -0.32597831 -0.16002143]"
2026-08-22T15-33-05_Tanh()_64_40,200,8,8,200,5,Tanh(),64,1,6.4e-06,0.0068107,3.53e-05,0.015297,5.5e-05,0.016905,"[ 1.54072627e+00  4.45505260e-01 -1.29984920e-03 -5.31135817e-01
 -1.10133203e+00 -1.58455952e+00 -2.48055563e+00 -4.80643521e+00]","[1.03467767 1.00088618 0.99232654 0.97832191 0.96651497 0.94537018
 0.92470663 0.88472444]","[-0.31809081 -0.35998959 -0.36915237 -0.3485294  -0.32632563 -0.35218935
 -0.29401056 -0.16606079]"
2026-08-22T15-33-05_Tanh()_64_41,200,8,8,200,5,Tanh(),64,1,7.2e-06,0.007282,3.42e-05,0.0153245,3.2e-05,0.0145206,"[ 1.54993929e+00  4.01051677e-01 -1.46360986e-04 -5.15041291e-01
 -1.09331313e+00 -1.63396133e+00 -2.52016938e+00 -4.69675061e+00]","[1.03642787 1.00263015 0.99271111 0.9794675  0.96742551 0.94371454
 0.92503999 0.88894972]","[-0.27559389 -0.37638671 -0.36338434 -0.33444839 -0.34155983 -0.3219942
 -0.27833588 -0.17366533]"
2026-08-22T15-33-05_Tanh()_64_42,200,8,8,200,5,Tanh(),64,1,5.7e-06,0.0064631,3.65e-05,0.0154454,3.26e-05,0.0142385,"[ 1.58203967e+00  4.08759849e-01  2.72923116e-03 -6.08588899e-01
 -1.12315450e+00 -1.66090712e+00 -2.58754788e+00 -4.66529049e+00]","[1.03623935 1.00318954 0.99184081 0.97903664 0.96723645 0.94387002
 0.92679411 0.88813544]","[-0.26505783 -0.35174497 -0.35045845 -0.32831578 -0.32171994 -0.30652442
 -0.29003518 -0.16879541]"
2026-08-22T15-33-05_Tanh()_64_43,200,8,8,200,5,Tanh(),64,1,7.3e-06,0.0072721,3.7e-05,0.0152147,5.31e-05,0.0175039,"[ 1.57761746  0.34909277 -0.01485494 -0.50845809 -1.10167569 -1.62893628
 -2.51426031 -4.68106568]","[1.03326114 1.00507975 0.99268878 0.97944936 0.9675452  0.94563339
 0.92458717 0.88878028]","[-0.29153314 -0.37962483 -0.36663873 -0.33034036 -0.32358905 -0.30703468
 -0.29460357 -0.17597635]"
2026-08-22T15-33-05_Tanh()_64_44,200,8,8,200,5,Tanh(),64,1,6.8e-06,0.0070737,2.6e-05,0.0132207,5.6e-05,0.0171881,"[ 1.5172151   0.39134841 -0.01166853 -0.53957014 -1.0977982  -1.61945849
 -2.52523102 -4.75973867]","[1.03535447 1.00245082 0.99236511 0.97872482 0.96732572 0.94500312
 0.92433692 0.88869551]","[-0.27598176 -0.36326299 -0.40876126 -0.36727848 -0.32496091 -0.31972278
 -0.27463174 -0.16488577]"
2026-08-22T15-33-05_Tanh()_64_45,200,8,8,200,5,Tanh(),64,1,7e-06,0.0071175,3.3e-05,0.0139661,2.93e-05,0.0140183,"[ 1.53038558  0.39841893 -0.00704231 -0.56583206 -1.08572024 -1.62161514
 -2.55819147 -4.67408275]","[1.03617904 1.00335143 0.9911142  0.97958207 0.96702073 0.94518744
 0.92576277 0.8864891 ]","[-0.29221285 -0.36782551 -0.38218265 -0.3587605  -0.35247897 -0.31556595
 -0.28503438 -0.1770247 ]"
2026-08-22T15-33-05_Tanh()_64_46,200,8,8,200,5,Tanh(),64,1,6.5e-06,0.0069232,2.51e-05,0.0127401,2.64e-05,0.0127303,"[ 1.50937382e+00  3.88567165e-01  2.20736374e-03 -5.24296635e-01
 -1.08210760e+00 -1.60275472e+00 -2.51878904e+00 -4.82680946e+00]","[1.0332642  1.00432214 0.99290885 0.97886685 0.96728284 0.94442589
 0.92539171 0.8878309 ]","[-0.28796639 -0.40694503 -0.37989629 -0.35815145 -0.33782986 -0.30740765
 -0.27385722 -0.17059944]"
2026-08-22T15-33-05_Tanh()_64_47,200,8,8,200,5,Tanh(),64,1,5.8e-06,0.0065756,3.17e-05,0.0141309,3.4e-05,0.014572,"[ 1.57490577e+00  3.62792213e-01  6.96224539e-04 -5.28821433e-01
 -1.16340610e+00 -1.67587980e+00 -2.51653742e+00 -4.78645626e+00]","[1.03389858 1.0050006  0.9926682  0.97934792 0.96731321 0.94336217
 0.92446433 0.88425455]","[-0.29344878 -0.39554633 -0.36972676 -0.35290882 -0.33136543 -0.30054775
 -0.29041628 -0.17643834]"
2026-08-22T15-33-05_Tanh()_64_48,200,8,8,200,5,Tanh(),64,1,6.6e-06,0.0069864,4.31e-05,0.0171563,5.7e-05,0.018459,"[ 1.47803095  0.41439804 -0.00636868 -0.57670111 -1.14810161 -1.60038474
 -2.47619453 -4.77617253]","[1.03342729 1.00391899 0.99230462 0.97839664 0.96617823 0.94470673
 0.92460126 0.88645537]","[-0.30070304 -0.37292377 -0.38616045 -0.36033205 -0.36252446 -0.3049761
 -0.2762922  -0.19495109]"
2026-08-22T15-33-05_Tanh()_64_49,200,8,8,200,5,Tanh(),64,1,6.6e-06,0.0069349,3.15e-05,0.0137717,2.58e-05,0.0132242,"[ 1.55757462  0.39897237 -0.01555402 -0.58597022 -1.02847403 -1.62194278
 -2.61606175 -4.71470618]","[1.03496876 1.00442372 0.99286331 0.97874591 0.96777261 0.94431496
 0.92484253 0.88763636]","[-0.28214894 -0.36036081 -0.37786206 -0.34376186 -0.32716715 -0.32318368
 -0.26957656 -0.16806727]"
2026-08-22T15-33-05_Tanh()_64_50,200,8,8,200,5,Tanh(),64,1,6.5e-06,0.0069091,3.2e-05,0.0148063,2.13e-05,0.0122941,"[ 1.51496864  0.39440436 -0.00940775 -0.54749522 -1.102487   -1.67952758
 -2.45664667 -4.76141232]","[1.03499959 1.00338362 0.99195432 0.97908618 0.96659211 0.94489006
 0.92383081 0.8867787 ]","[-0.31418895 -0.39703072 -0.34495351 -0.32099177 -0.30249158 -0.29728868
 -0.26838341 -0.18060751]"
