MODEL_NAME,NUM_EPOCHS,NUM_TRAJ,TRAJ_LENGTH,ACTIVATION,HIDDEN_SIZE,BETA,TRAIN_LOSS,TRAIN_AVERAGE_EUCLIDEAN_DISTANCE,VAL_LOSS,VAL_AVERAGE_EUCLIDEAN_DISTANCE,TEST_LOSS,TEST_AVERAGE_EUCLIDEAN_DISTANCE,Lyapunov1,Lyapunov2,Lyapunov3,MIN_SV3,MIN_GRAD_SV3
2026-08-04T14-20-33_tanh_4_1,200,100,5,tanh,4,1,0.0147121,0.1801206,0.0130773,0.182382,0.0080209,0.1419648,0.486661856026935,-0.0083399159500501,-6.193410277832881,0.8130543431235766,-1.025085881397351
2026-08-04T14-20-33_tanh_4_2,200,100,5,tanh,4,1,0.0091764,0.1473861,0.0148312,0.184865,0.0159679,0.1804492,0.0165751761033222,-0.5400180351750767,-14.85997322425718,0.7692098237423329,-1.0850290008731729
2026-08-04T14-20-33_tanh_4_3,200,100,5,tanh,4,1,0.0052695,0.1054635,0.002748,0.0878616,0.0068339,0.1320472,0.0080804856429275,-0.0920749941182767,-9.433642665014217,0.855438641540451,-0.1871377531072759
2026-08-04T14-20-33_tanh_4_4,200,100,5,tanh,4,1,0.045628,0.31387,0.0698439,0.4104265,0.060016,0.3506762,0.0211840723120769,-0.0388682675236527,-3.3109599951968063,0.8704763016121306,-0.1375695584628417
2026-08-04T14-20-33_tanh_4_5,200,100,5,tanh,4,1,0.0148966,0.1694184,0.0208221,0.2093305,0.0251123,0.2203066,0.0150923414778537,-0.6855575051953002,-9.97278152589459,0.7103453853004444,-0.9564530541346172
2026-08-04T14-20-33_tanh_4_6,200,100,5,tanh,4,1,0.0571993,0.3246554,0.0681014,0.3776637,0.0411865,0.3154399,-96.15501365012696,-207.9676719113198,-230.25850929585567,0.0001412810825751,0.0
2026-08-04T14-20-33_tanh_4_7,200,100,5,tanh,4,1,0.0034004,0.0840388,0.0019028,0.0662367,0.0021,0.0700181,0.7732784144141889,-0.0002622955544527,-12.81926307378347,0.7501725005898302,-0.8835005961762604
2026-08-04T14-20-33_tanh_4_8,200,100,5,tanh,4,1,0.0031232,0.0843588,0.0050706,0.1088249,0.0075205,0.1200105,0.1900947834836066,-0.0209398931488667,-16.218728163011026,0.6299804673469398,-1.529089374119586
2026-08-04T14-20-33_tanh_4_9,200,100,5,tanh,4,1,0.0155427,0.1851268,0.0205555,0.207002,0.0103912,0.151837,-0.0648245739024553,-1.1157665771746808,-8.396071744992465,0.795347010547116,-0.5171522230003649
2026-08-04T14-20-33_tanh_4_10,200,100,5,tanh,4,1,0.0069158,0.127216,0.005256,0.1177123,0.0035263,0.0986045,0.5251785612603033,-0.0083089125672872,-12.985416654024071,0.7722275929071556,-0.6810232320831073
2026-08-04T14-20-33_tanh_4_11,200,100,5,tanh,4,1,0.0070218,0.1317578,0.0135149,0.1726644,0.005085,0.1106231,0.3662292178843166,-0.0190562088983431,-12.41035473965048,0.7598451096325072,-0.9262725901497454
2026-08-04T14-20-33_tanh_4_12,200,100,5,tanh,4,1,0.0178129,0.192199,0.0207708,0.2233818,0.0130271,0.1760394,0.5058410587268661,-0.0110113032069698,-8.0175044562071,0.7828138765887338,-1.0533711708275166
2026-08-04T14-20-33_tanh_4_13,200,100,5,tanh,4,1,0.0109185,0.1568234,0.0101795,0.1657975,0.010979,0.1650751,-0.0950068368737855,-1.34288266787916,-9.03598939064443,0.7587498793609211,-0.7449271255112588
2026-08-04T14-20-33_tanh_4_14,200,100,5,tanh,4,1,0.0116559,0.1497067,0.0087294,0.1263791,0.015397,0.1623428,-74.25125364562118,-74.28405592376713,-207.66799354323248,0.085752448314569,-1.9475415856837707e-05
2026-08-04T14-20-33_tanh_4_15,200,100,5,tanh,4,1,0.0224353,0.2223835,0.0170017,0.2094976,0.0264673,0.2534918,0.0068015748075487,-0.3037547193023546,-2.3805068511544003,0.8794180150528337,-1.013761841252524
2026-08-04T14-20-33_tanh_4_16,200,100,5,tanh,4,1,0.0049501,0.1048895,0.0073246,0.114553,0.0076353,0.1193584,0.2509991163177257,-0.0174569474596168,-13.139013746321732,0.801676324001642,-0.6014331535814972
2026-08-04T14-20-33_tanh_4_17,200,100,5,tanh,4,1,0.0063744,0.1191838,0.0102546,0.1436118,0.0067868,0.1281441,0.3764750867751992,0.0018244324806935,-12.21144896041882,0.5906303875630466,-2.698016324842399
2026-08-04T14-20-33_tanh_4_18,200,100,5,tanh,4,1,0.0291545,0.2566758,0.0201437,0.2230073,0.0312621,0.282391,0.0001936669802539,-2.5518899394967254,-4.357039230899521,0.7511462489877097,-1.6156155323145072
2026-08-04T14-20-33_tanh_4_19,200,100,5,tanh,4,1,0.033816,0.2615042,0.0222065,0.2123285,0.0195578,0.2233512,-45.20393451980178,-46.06807521972748,-46.9272351046076,0.6576930435623883,-0.9256174369866506
2026-08-04T14-20-33_tanh_4_20,200,100,5,tanh,4,1,0.0063488,0.1117208,0.018908,0.1647633,0.0029969,0.0855998,0.2853183794582012,-0.0166400845040355,-10.938100425230886,0.818649445227311,-0.6552866792185862
2026-08-04T14-20-33_tanh_4_21,200,100,5,tanh,4,1,0.0230178,0.2322205,0.0148928,0.1934047,0.0323909,0.2636701,-3.5929525341518653,-4.795322784905308,-5.49040828128997,0.6981491939858423,-1.7338258828658581e-07
2026-08-04T14-20-33_tanh_4_22,200,100,5,tanh,4,1,0.0039567,0.0946592,0.0048148,0.1099021,0.0038657,0.100007,0.6781056531370675,-0.0107902927320046,-16.325659102085048,0.749687606494561,-0.6111090340298568
2026-08-04T14-20-33_tanh_4_23,200,100,5,tanh,4,1,0.0105697,0.1469867,0.0073895,0.1256229,0.0187416,0.2132067,0.1121877236351203,-0.017407722139402,-7.844915798651473,0.8091705163675632,-0.7329976660190435
2026-08-04T14-20-33_tanh_4_24,200,100,5,tanh,4,1,0.0043642,0.0959559,0.0033824,0.0883343,0.0032073,0.0770913,0.303247892104255,-0.0123727040165253,-13.800001264629753,0.7734838046215142,-0.7125949720239095
2026-08-04T14-20-33_tanh_4_25,200,100,5,tanh,4,1,0.0237526,0.234107,0.0162123,0.2092236,0.1349398,0.4225971,0.061606818605525,-0.0289168874907632,-6.437232230744806,0.858209508952152,-0.3533229034282908
2026-08-04T14-20-33_tanh_4_26,200,100,5,tanh,4,1,0.0322619,0.2673598,0.0239707,0.2367268,0.0318061,0.2710486,0.039938537161579,-0.0528246725823042,-1.847665717229236,0.8440256195399515,-0.5706811091788216
2026-08-04T14-20-33_tanh_4_27,200,100,5,tanh,4,1,0.0045245,0.1014373,0.0063843,0.1093608,0.0019302,0.067296,0.8491753240418969,-0.0115318023274345,-16.530360787664826,0.6748333613263019,-1.6169629978417883
2026-08-04T14-20-33_tanh_4_28,200,100,5,tanh,4,1,0.0050582,0.1048357,0.0143504,0.1496275,0.0069355,0.1231945,0.40935943791689,-0.0185659581190756,-15.380863269735048,0.732827355409645,-0.7753405369532411
2026-08-04T14-20-33_tanh_4_29,200,100,5,tanh,4,1,0.0112762,0.1651676,0.0093243,0.156895,0.0083118,0.1483488,-0.2300046972828999,-0.232630626184681,-14.252462109676935,0.8365662458896155,-0.002531116611239
2026-08-04T14-20-33_tanh_4_30,200,100,5,tanh,4,1,0.0108078,0.1476473,0.0120306,0.1632176,0.011747,0.151592,0.4778365246533165,0.0017517242815578,-9.747428278444277,0.3673032357312006,-13.495668951389964
2026-08-04T14-20-33_tanh_4_31,200,100,5,tanh,4,1,0.0206225,0.2034586,0.0100413,0.1599367,0.0465591,0.2879244,0.0065103309003602,-0.4516777415535312,-8.01253543319534,0.7178697762483417,-1.1839182433669118
2026-08-04T14-20-33_tanh_4_32,200,100,5,tanh,4,1,0.0382286,0.2779316,0.0334351,0.2778342,0.0349961,0.2942471,0.0067387734062451,-1.987427372398344,-2.01946702350695,0.8252298633040148,-0.3540196457247613
2026-08-04T14-20-33_tanh_4_33,200,100,5,tanh,4,1,0.0164118,0.181948,0.0335441,0.2465398,0.0249396,0.2390363,-14.380489077809369,-15.95662335923517,-32.61816866482805,0.3276144756385674,-1.995041386883604
2026-08-04T14-20-33_tanh_4_34,200,100,5,tanh,4,1,0.0143509,0.182467,0.0082362,0.1383419,0.015426,0.1800102,0.0086727941100736,-0.2603145509712626,-1.725827662840916,0.8674726384123079,-0.8945854959693668
2026-08-04T14-20-33_tanh_4_35,200,100,5,tanh,4,1,0.0095326,0.1483881,0.0078684,0.1344482,0.0063422,0.1268367,0.6486384683107069,-0.0018697335832575,-12.127160096357915,0.7936795055557007,-1.001283536127486
2026-08-04T14-20-33_tanh_4_36,200,100,5,tanh,4,1,0.0197288,0.2103005,0.0243311,0.2392547,0.0255258,0.2158356,-1.014031154392827,-1.1225093966233477,-18.53325914283229,0.4318330422349009,-2.8000499583468383
2026-08-04T14-20-33_tanh_4_37,200,100,5,tanh,4,1,0.0069706,0.1246467,0.0098221,0.1417639,0.0122675,0.1644237,0.3702471686661227,-0.019981604892382,-14.875894303770568,0.7755703606070805,-0.4908661903920486
2026-08-04T14-20-33_tanh_4_38,200,100,5,tanh,4,1,0.0217984,0.2148217,0.0196763,0.2256123,0.0461895,0.2721807,-0.5522532690367631,-0.6835955818926827,-15.919281722803868,0.7345852387470038,-0.3495642335977961
2026-08-04T14-20-33_tanh_4_39,200,100,5,tanh,4,1,0.0196143,0.2090533,0.0148723,0.1976356,0.0142327,0.177417,-0.0028795991032923,-0.9048438671198572,-4.620551640443946,0.881809568194049,-0.3448301724555634
2026-08-04T14-20-33_tanh_4_40,200,100,5,tanh,4,1,0.009757,0.1426911,0.0125952,0.1728977,0.0141416,0.1876441,0.0011168604244833,-0.1487612634971031,-9.106523982989447,0.8317733951415178,-0.3933576742685885
2026-08-04T14-20-33_tanh_4_41,200,100,5,tanh,4,1,0.0076048,0.123741,0.007664,0.1374572,0.0102222,0.1507143,-0.0074400312292461,-0.5229730768362801,-10.314971893811371,0.8208919470964646,-0.3690456685558929
2026-08-04T14-20-33_tanh_4_42,200,100,5,tanh,4,1,0.0039685,0.0920331,0.0039636,0.0975027,0.0055765,0.1142828,0.3339906339861616,-0.0224951195223364,-13.11717370895327,0.7517002599147481,-0.7861876227224635
2026-08-04T14-20-33_tanh_4_43,200,100,5,tanh,4,1,0.0090382,0.1395116,0.0121604,0.1654647,0.0122267,0.1572387,-0.616932504346849,-0.617718620718,-13.959004734344584,0.823286836016589,-1.0409697119850849e-05
2026-08-04T14-20-33_tanh_4_44,200,100,5,tanh,4,1,0.010772,0.1545932,0.010307,0.1603768,0.0099811,0.1600757,0.1011648274441634,-0.0180094512620056,-21.25976719897199,0.3510898266312759,-3.774050464580307
2026-08-04T14-20-33_tanh_4_45,200,100,5,tanh,4,1,0.0060872,0.1184094,0.0053408,0.1064506,0.0040328,0.1004987,0.305151437128068,-0.0173526869995208,-12.147773568016769,0.8017609890335509,-0.5481127893928127
2026-08-04T14-20-33_tanh_4_46,200,100,5,tanh,4,1,0.006221,0.1107184,0.0185626,0.1505067,0.0043861,0.1042826,0.3758246363630558,-0.0193317062005012,-15.854832186516637,0.724999459576348,-0.7468808161215373
2026-08-04T14-20-33_tanh_4_47,200,100,5,tanh,4,1,0.020264,0.209639,0.0124379,0.1806796,0.0181274,0.1993818,-34.05541625187236,-34.073303961850606,-183.5638277472116,0.1589047586721239,0.0
2026-08-04T14-20-33_tanh_4_48,200,100,5,tanh,4,1,0.0106164,0.1423929,0.005281,0.1050191,0.0054844,0.1045251,0.018458393867509,-0.3107392579386341,-11.771591559054531,0.7698494532658353,-0.623171732073889
2026-08-04T14-20-33_tanh_4_49,200,100,5,tanh,4,1,0.0034309,0.0858802,0.0017979,0.0655706,0.0101724,0.1344986,0.7453029271666289,0.0008260371889194,-14.615397225697194,0.511458582413709,-4.249056140431486
2026-08-04T14-20-33_tanh_4_50,200,100,5,tanh,4,1,0.0051251,0.1045663,0.0052256,0.1065227,0.0128326,0.1504302,0.5200455425494278,-0.0102676781431053,-13.412565378460808,0.7579967836754417,-0.6000558829159919
2026-08-04T14-20-33_tanh_4_51,200,100,5,tanh,4,1,0.0051559,0.1031516,0.0068033,0.1304428,0.004529,0.0967477,0.0258284155282937,-0.0712944477111028,-10.234174961523427,0.8060989452787135,-0.6789040290947097
2026-08-04T14-20-33_tanh_4_52,200,100,5,tanh,4,1,0.0026611,0.0788128,0.0021627,0.0699279,0.0056877,0.106722,0.9121991329944704,-0.0038162225119723,-15.599427678797827,0.6636632435523254,-1.5664795319814733
2026-08-04T14-20-33_tanh_4_53,200,100,5,tanh,4,1,0.0106998,0.1501259,0.0078393,0.1270655,0.0086482,0.1438516,0.0042643244935399,-1.3299434945299664,-13.294256106151431,0.6639995218528256,-1.0486077120875796
2026-08-04T14-20-33_tanh_4_54,200,100,5,tanh,4,1,0.0057571,0.1120413,0.007989,0.1235086,0.0036008,0.0974553,0.2547520227610287,-0.4130877038750764,-25.06164740070316,0.4454108828319427,-5.944254044039372
2026-08-04T14-20-33_tanh_4_55,200,100,5,tanh,4,1,0.0257927,0.2200655,0.0186829,0.2099639,0.0228861,0.2238277,-0.4754610456116239,-0.4785601861780361,-8.13377921251286,0.8627678834821362,-4.496852438973242e-05
2026-08-04T14-20-33_tanh_4_56,200,100,5,tanh,4,1,0.0167002,0.1953639,0.0433594,0.2755178,0.0111637,0.1696422,0.0613444611107609,-0.0421710943389095,-15.71730380474391,0.6862162706781793,-0.967497004776144
2026-08-04T14-20-33_tanh_4_57,200,100,5,tanh,4,1,0.0053638,0.1004079,0.004376,0.096246,0.0031965,0.0849015,0.4935816810384656,-0.0065310539178679,-10.360407870216712,0.7861570056967437,-0.9218662957714446
2026-08-04T14-20-33_tanh_4_58,200,100,5,tanh,4,1,0.0073772,0.1270825,0.0085672,0.1383684,0.0140831,0.1770524,-0.7839234331199878,-0.7901695499810331,-4.919073939960017,0.8498001526226799,0.0
2026-08-04T14-20-33_tanh_4_59,200,100,5,tanh,4,1,0.0078052,0.1338165,0.0084072,0.1275154,0.0116006,0.1542966,0.2055969933525959,-0.0074179503276115,-11.39329171524698,0.7444643611347563,-0.9872718937514458
2026-08-04T14-20-33_tanh_4_60,200,100,5,tanh,4,1,0.0045928,0.100233,0.0105314,0.1498667,0.0092351,0.1339489,0.6707893673550545,0.0041193103340104,-12.22070406118766,0.5505411568985059,-6.137877181333666
2026-08-04T14-20-33_tanh_4_61,200,100,5,tanh,4,1,0.0037342,0.0885403,0.0022428,0.0736454,0.0057985,0.1090432,0.168266655402939,-0.0162565876495991,-14.76946492394641,0.6150797576565765,-2.023174148010361
2026-08-04T14-20-33_tanh_4_62,200,100,5,tanh,4,1,0.007316,0.1275466,0.0113894,0.1680634,0.0086892,0.1302612,0.0227400362494234,-0.0286665277647242,-11.722152799727716,0.7554879323509073,-0.9886806486179844
2026-08-04T14-20-33_tanh_4_63,200,100,5,tanh,4,1,0.0024458,0.0755156,0.0017935,0.0655907,0.0018733,0.0676975,0.8942737369762457,-0.0010148600753498,-14.639727451493178,0.5827746767556866,-3.4525868695593003
2026-08-04T14-20-33_tanh_4_64,200,100,5,tanh,4,1,0.008958,0.1417518,0.0111742,0.1474902,0.0174275,0.2011973,0.0009265436725119,-0.2535408484159384,-8.234553258409651,0.736785696366675,-1.4995932407968386
2026-08-04T14-20-33_tanh_4_65,200,100,5,tanh,4,1,0.005233,0.1043946,0.0078174,0.1283495,0.0027685,0.0772158,0.0208004302708798,-0.3262710908219191,-12.935798252603371,0.8026189980695181,-0.3692957735795393
2026-08-04T14-20-33_tanh_4_66,200,100,5,tanh,4,1,0.0130611,0.1752601,0.007722,0.1358537,0.0161082,0.1877949,-0.19700721443083,-0.1978674100071143,-12.783021327292843,0.8678788788462558,-7.096895527913816e-05
2026-08-04T14-20-33_tanh_4_67,200,100,5,tanh,4,1,0.0122192,0.1611019,0.0077562,0.1375242,0.0124382,0.174837,-14.11296239352834,-15.365924602128617,-42.53986740375769,0.3852170619224037,-4.056604660783996
2026-08-04T14-20-33_tanh_4_68,200,100,5,tanh,4,1,0.011346,0.1609558,0.0390464,0.2695108,0.0216132,0.2232256,-2.812409729411988,-2.8156084978606724,-29.721509974379963,0.7424071384085007,-1.766870166286516e-06
2026-08-04T14-20-33_tanh_4_69,200,100,5,tanh,4,1,0.002588,0.0735675,0.0017954,0.066565,0.0025611,0.0761492,0.7854719235720073,-0.004907039925873,-13.515154037140809,0.7464833662195478,-0.9648864776094116
2026-08-04T14-20-33_tanh_4_70,200,100,5,tanh,4,1,0.0040904,0.0961564,0.003141,0.0861036,0.0033106,0.0931817,0.8577819895403508,-0.0097520600314831,-11.337463006280329,0.7627256236488922,-1.0063663332012718
2026-08-04T14-20-33_tanh_4_71,200,100,5,tanh,4,1,0.003531,0.0906344,0.0059496,0.114127,0.0029237,0.0873477,0.7473620870524449,0.0039868767953442,-17.662377854280834,0.7081280186731991,-1.093981732300983
2026-08-04T14-20-33_tanh_4_72,200,100,5,tanh,4,1,0.0122306,0.1586168,0.0235661,0.2372807,0.0150739,0.182787,0.1596014482614586,-0.0176348145688624,-15.24766500513112,0.6719441747366124,-1.7362735664859283
2026-08-04T14-20-33_tanh_4_73,200,100,5,tanh,4,1,0.0359871,0.2865849,0.0212229,0.2339596,0.0265838,0.2653449,-113.4462999838924,-116.80738786518688,-230.25532629149347,0.0248641102010043,0.0
2026-08-04T14-20-33_tanh_4_74,200,100,5,tanh,4,1,0.0086256,0.1356817,0.0060124,0.1261431,0.0229934,0.2107902,0.1086449213267134,-0.0283732354475257,-10.739199285172628,0.8288460140029752,-0.5575956519432929
2026-08-04T14-20-33_tanh_4_75,200,100,5,tanh,4,1,0.02735,0.2474795,0.0250792,0.2268453,0.0356645,0.2877748,-0.5801606041334145,-0.5825685194784381,-9.867691963286676,0.8804337595687178,-6.635708633240256e-05
2026-08-04T14-20-33_tanh_4_76,200,100,5,tanh,4,1,0.0365226,0.2715135,0.058613,0.2941437,0.0311063,0.2610562,-3.152524916994407,-8.816611915234116,-54.67859709352764,0.5663434004449124,-0.294155381464124
2026-08-04T14-20-33_tanh_4_77,200,100,5,tanh,4,1,0.0271386,0.2320259,0.0120798,0.1668959,0.0271466,0.2174567,0.0563309587365177,-0.092545159565955,-13.786212875518697,0.7474184154827327,-0.7373612185805538
2026-08-04T14-20-33_tanh_4_78,200,100,5,tanh,4,1,0.0092304,0.1385155,0.0220608,0.2034087,0.0112447,0.1430355,0.3178610899114086,-0.011180093233629,-11.842256533113176,0.7294272144556666,-1.0959916246686263
2026-08-04T14-20-33_tanh_4_79,200,100,5,tanh,4,1,0.0156818,0.172327,0.022721,0.2236653,0.0261329,0.2381077,0.0286723959684978,-1.7904240202578858,-18.52858282520084,0.0892458657012314,-33.00593410360226
2026-08-04T14-20-33_tanh_4_80,200,100,5,tanh,4,1,0.0144499,0.1762184,0.0275628,0.2438006,0.0258724,0.2283896,-2.855041330186194,-3.2080453044434933,-8.493247429397496,0.8257360807358592,-1.5396292707414716e-06
2026-08-04T14-20-33_tanh_4_81,200,100,5,tanh,4,1,0.0042704,0.0988299,0.0029346,0.0893386,0.0051386,0.1144119,0.700093133900196,-0.0052272652854752,-15.075553361541765,0.7525401126480644,-0.7267947453444557
2026-08-04T14-20-33_tanh_4_82,200,100,5,tanh,4,1,0.008999,0.1437555,0.017201,0.1811379,0.0065125,0.1226971,0.0530960123675564,-0.0298464276522941,-9.167097825480155,0.8394766417688484,-0.3233637886088842
2026-08-04T14-20-33_tanh_4_83,200,100,5,tanh,4,1,0.0057602,0.1176307,0.010077,0.137819,0.0098575,0.1296989,0.0576667566633528,-0.1467471563718037,-11.55781386652036,0.8094710583961046,-0.4270994329147859
2026-08-04T14-20-33_tanh_4_84,200,100,5,tanh,4,1,0.00659,0.1211676,0.0030417,0.082518,0.0035214,0.0925892,0.3646590126844969,-0.0207288451497199,-8.201719663414783,0.8564805569693575,-0.5316899203722375
2026-08-04T14-20-33_tanh_4_85,200,100,5,tanh,4,1,0.0026389,0.0733877,0.0019979,0.0699126,0.0029891,0.075054,0.6999641008291811,-0.0025182633216141,-12.59166560218616,0.679070693794338,-1.6578076180072352
2026-08-04T14-20-33_tanh_4_86,200,100,5,tanh,4,1,0.0094596,0.1471117,0.0178622,0.1949573,0.0223311,0.2194389,0.2566017667660414,-0.025161986839147,-13.163882954776165,0.7974874516509941,-0.3449987982107833
2026-08-04T14-20-33_tanh_4_87,200,100,5,tanh,4,1,0.0185399,0.2033447,0.0952772,0.4139753,0.0787308,0.3320245,0.0062836738195647,-1.1166611233517798,-1.1316724821238178,0.8439915161326148,-0.6449672613566804
2026-08-04T14-20-33_tanh_4_88,200,100,5,tanh,4,1,0.0137293,0.1668991,0.0216474,0.2203495,0.0121445,0.167022,-0.0007429030760606,-0.3728852045195846,-19.40620076622362,0.6407045242571637,-0.9451174912916434
2026-08-04T14-20-33_tanh_4_89,200,100,5,tanh,4,1,0.012854,0.1580637,0.0139402,0.1773112,0.0138788,0.1765668,0.329937670943737,-0.0066985697348278,-10.605085864730055,0.5941299870720105,-1.924621232143322
2026-08-04T14-20-33_tanh_4_90,200,100,5,tanh,4,1,0.0151674,0.1775221,0.0085597,0.1498629,0.0111553,0.1663845,-18.218637118466557,-18.807566952691676,-43.5842628322102,0.5665858480887944,-1.3036332565306632
2026-08-04T14-20-33_tanh_4_91,200,100,5,tanh,4,1,0.0099804,0.1418857,0.0069787,0.1317216,0.0119222,0.1719202,0.0139861001692534,-0.029703364499832,-8.5612663987611,0.8183052398423392,-0.633483128566888
2026-08-04T14-20-33_tanh_4_92,200,100,5,tanh,4,1,0.0023575,0.0732328,0.0032547,0.0871754,0.0036706,0.0850211,0.8228530139822896,-0.0066978232406385,-13.967468601960691,0.6935087011409158,-1.6260439376209928
2026-08-04T14-20-33_tanh_4_93,200,100,5,tanh,4,1,0.0032691,0.080402,0.0073722,0.1188919,0.0153352,0.1366208,0.0064513841112804,-0.2613481289600953,-9.598556362423135,0.7074811285672377,-1.3140049113983692
2026-08-04T14-20-33_tanh_4_94,200,100,5,tanh,4,1,0.009714,0.1491951,0.0129028,0.1786229,0.0199425,0.2138705,0.0046583890133141,-0.3683320804284032,-6.192767746801614,0.842226863179359,-0.4756713872067747
2026-08-04T14-20-33_tanh_4_95,200,100,5,tanh,4,1,0.0109517,0.1521959,0.0126851,0.1673087,0.0112218,0.1660918,0.0360970416743585,-0.2330386003178372,-12.917161474954504,0.7952603345904239,-0.4182954270853395
2026-08-04T14-20-33_tanh_4_96,200,100,5,tanh,4,1,0.0240955,0.2161582,0.004077,0.0981557,0.0281579,0.2348232,-0.0011445478867466,-2.012505196205277,-6.003187121540309,0.7298858719443706,-0.8483992817579236
2026-08-04T14-20-33_tanh_4_97,200,100,5,tanh,4,1,0.0140087,0.1800095,0.0114263,0.1680412,0.0067275,0.1252019,0.4354609373766857,-0.0079008940745811,-7.269351358827772,0.8652866675515114,-0.7413291676313942
2026-08-04T14-20-33_tanh_4_98,200,100,5,tanh,4,1,0.0204682,0.1963826,0.0205922,0.1992152,0.0258835,0.2436711,0.3715251594751479,-0.0156367553401593,-3.337172097652585,0.6280945667242898,-4.394394658994679
2026-08-04T14-20-33_tanh_4_99,200,100,5,tanh,4,1,0.0141212,0.1797681,0.0138825,0.1840963,0.0302857,0.2348706,0.2556280315005891,-0.0209490395322699,-7.415917951899298,0.8465406913900558,-0.4742434117526756
2026-08-04T14-20-33_tanh_4_100,200,100,5,tanh,4,1,0.0122733,0.1676759,0.0105598,0.1578434,0.0095898,0.1554313,-1.9787692362168836,-7.467281296874804,-29.269103803204708,0.757769065709925,-1.611843091117605
2026-08-04T20-28-08_tanh_8_1,200,100,5,tanh,8,1,5.01e-05,0.0104529,2.94e-05,0.0087651,3.45e-05,0.0095822,0.8986146265955179,-0.0103188305412036,-15.661481610661346,0.7811574387847076,-0.2776823442548121
2026-08-04T20-28-08_tanh_8_2,200,100,5,tanh,8,1,6.16e-05,0.011986,7.85e-05,0.0131661,0.0001042,0.014401,0.8952439738449604,-0.0129962230689293,-14.395143798754589,0.8067710097804346,-0.447045102069412
2026-08-04T20-28-08_tanh_8_3,200,100,5,tanh,8,1,0.0001225,0.0163036,6.27e-05,0.0127576,8.66e-05,0.014823,0.8069630837296037,-0.0114896697343574,-14.977435299368524,0.7194805372410625,-0.6505763834328702
2026-08-04T20-28-08_tanh_8_4,200,100,5,tanh,8,1,8.31e-05,0.0127454,0.0002382,0.0212814,5.92e-05,0.0115965,0.854242904767904,-0.0167960824564737,-14.513830618848235,0.7989928402167117,-0.3330109649716228
2026-08-04T20-28-08_tanh_8_5,200,100,5,tanh,8,1,0.0001053,0.0144287,0.0003062,0.0229365,0.0002749,0.0220954,0.8874049692366057,-0.0134113833927158,-15.26196488740575,0.8016443774394697,-0.2594305318113876
2026-08-04T20-28-08_tanh_8_6,200,100,5,tanh,8,1,0.0001589,0.0176286,0.0001967,0.0212851,0.0001584,0.0205584,0.4519623513210128,-0.0401029032713756,-12.67060975032035,0.8292128670213257,-0.4053008684227855
2026-08-04T20-28-08_tanh_8_7,200,100,5,tanh,8,1,5.89e-05,0.0114197,6.91e-05,0.0130565,6.61e-05,0.0129947,0.8312201570902727,-0.0053873813101809,-14.555715890669678,0.7998385513506472,-0.3915628510601582
2026-08-04T20-28-08_tanh_8_8,200,100,5,tanh,8,1,1.24e-05,0.0051131,8.76e-05,0.0103344,3.95e-05,0.0080862,0.9126820158517992,-0.0172421206883608,-14.403988953365529,0.7966197543829786,-0.3185475571989693
2026-08-04T20-28-08_tanh_8_9,200,100,5,tanh,8,1,5.96e-05,0.0114509,0.0001931,0.0176327,4.08e-05,0.0104554,0.902234590675564,-0.019926988478487,-16.322567749093604,0.7473775324852839,-0.2988933065054555
2026-08-04T20-28-08_tanh_8_10,200,100,5,tanh,8,1,1.27e-05,0.0051701,9.8e-06,0.0048595,1.19e-05,0.0050185,0.9035665130422542,-0.0183228259485897,-13.598490431614389,0.8175646208294001,-0.3486676332050377
2026-08-04T20-28-08_tanh_8_11,200,100,5,tanh,8,1,6.84e-05,0.0110848,0.0003798,0.0219606,7.92e-05,0.0132092,0.9041865149929208,-0.0089231801775461,-15.048327201355551,0.7966441368157712,-0.2510431376261596
2026-08-04T20-28-08_tanh_8_12,200,100,5,tanh,8,1,0.0001374,0.01599,0.0001187,0.0166505,9.5e-05,0.0151865,0.8891621629702049,-0.018783100046488,-16.472309162744097,0.7321630448397171,-0.4200439907496506
2026-08-04T20-28-08_tanh_8_13,200,100,5,tanh,8,1,5.27e-05,0.010471,4.35e-05,0.0099267,9.9e-05,0.0145184,0.898230647868119,-0.007179592793715,-14.84742821064783,0.7954359351572691,-0.3172921390767774
2026-08-04T20-28-08_tanh_8_14,200,100,5,tanh,8,1,6.64e-05,0.0119241,5.45e-05,0.0113081,6.61e-05,0.0125131,0.9036022696392584,-0.0207893132621682,-15.68187218363244,0.7738078477500901,-0.2618511400943218
2026-08-04T20-28-08_tanh_8_15,200,100,5,tanh,8,1,5.35e-05,0.0103314,6.14e-05,0.0111792,0.0001424,0.0165857,0.5951954629267731,-0.011990047616413,-12.802601865963036,0.7998606977567073,-0.4682266707647392
2026-08-04T20-28-08_tanh_8_16,200,100,5,tanh,8,1,7.42e-05,0.0128665,0.0001061,0.0146471,0.0001979,0.0160858,0.7802396304645343,-0.01146880678092,-17.283906829895137,0.7307587890616308,-0.404712930062573
2026-08-04T20-28-08_tanh_8_17,200,100,5,tanh,8,1,5.76e-05,0.011185,0.0001036,0.0135997,8.08e-05,0.0124442,0.9094293444044348,-0.0155578009767567,-15.597017045925105,0.7649500496662237,-0.3403292042195838
2026-08-04T20-28-08_tanh_8_18,200,100,5,tanh,8,1,6.56e-05,0.0108372,2.62e-05,0.0077274,4.33e-05,0.0098444,0.907688865063623,-0.0134094959903503,-14.44100473728858,0.8170301490783324,-0.3461392824987502
2026-08-04T20-28-08_tanh_8_19,200,100,5,tanh,8,1,7.63e-05,0.0122698,0.0001286,0.0159614,6.5e-05,0.0122221,0.8934600039192375,-0.0105047593962401,-15.24684757728257,0.7830478809395562,-0.400430226736686
2026-08-04T20-28-08_tanh_8_20,200,100,5,tanh,8,1,9.17e-05,0.0133208,0.000387,0.0260088,4.2e-05,0.0101998,0.8687375863886851,-0.0144818520349845,-15.883023814953397,0.7782735901395497,-0.341164991036838
2026-08-04T20-28-08_tanh_8_21,200,100,5,tanh,8,1,5.71e-05,0.0107957,6.02e-05,0.011277,0.00029,0.0203872,0.8999973661371167,-0.0181624357921208,-15.132957998534632,0.7811437161327597,-0.3434682238631864
2026-08-04T20-28-08_tanh_8_22,200,100,5,tanh,8,1,0.0001202,0.01612,0.0001192,0.0171926,7.7e-05,0.0135963,0.9028460551280888,-0.0154022869265822,-16.311960082289513,0.7579444694484135,-0.3242023219687662
2026-08-04T20-28-08_tanh_8_23,200,100,5,tanh,8,1,4.06e-05,0.0086343,7.29e-05,0.0107914,6.31e-05,0.0117054,0.8791832837069735,-0.0055670280935258,-15.163496942808385,0.7704714431424196,-0.3058252118831955
2026-08-04T20-28-08_tanh_8_24,200,100,5,tanh,8,1,6.58e-05,0.0117819,3.44e-05,0.0097421,6.23e-05,0.0103052,0.9010057333007504,-0.0098523602106536,-15.463414917501185,0.7800227670420561,-0.3660278716105536
2026-08-04T20-28-08_tanh_8_25,200,100,5,tanh,8,1,0.0001372,0.01742,0.000147,0.0167298,0.001934,0.048509,0.9080174517736974,-0.0215779726492692,-17.306079672638525,0.7175036561767565,-0.3835666053498859
2026-08-04T20-28-08_tanh_8_26,200,100,5,tanh,8,1,2.65e-05,0.0075636,1.92e-05,0.0065073,3.08e-05,0.0078881,0.9098976613778048,-0.0141613764369772,-14.553501446364228,0.786193066714207,-0.2666229959065324
2026-08-04T20-28-08_tanh_8_27,200,100,5,tanh,8,1,9.3e-05,0.0133299,0.0001604,0.0166424,5.45e-05,0.01068,0.8962456062720159,-0.0145857692271407,-15.778285614615625,0.7788549033223078,-0.7956332655676833
2026-08-04T20-28-08_tanh_8_28,200,100,5,tanh,8,1,0.0002128,0.0202485,0.0007464,0.0277453,0.0006939,0.0299658,0.8241107531817722,-0.0116904924685728,-17.723853796298176,0.7449935686225281,-0.4997087582046145
2026-08-04T20-28-08_tanh_8_29,200,100,5,tanh,8,1,5.58e-05,0.0104436,4.07e-05,0.0100021,4.65e-05,0.0100944,0.9046261111136356,-0.0147900559869029,-16.524959293076527,0.7779171142754414,-0.5563213527207156
2026-08-04T20-28-08_tanh_8_30,200,100,5,tanh,8,1,6.24e-05,0.0112307,0.0001182,0.0143885,0.0001248,0.0169437,0.8989651216596375,-0.0180939536031321,-16.080378205157576,0.7721008640415501,-0.3143092823158667
2026-08-04T20-28-08_tanh_8_31,200,100,5,tanh,8,1,1.47e-05,0.0057568,1e-05,0.004976,2.01e-05,0.0064365,0.8958482748441765,-0.0150272166769212,-15.618781650937738,0.7225648352866366,-0.3024960369373181
2026-08-04T20-28-08_tanh_8_32,200,100,5,tanh,8,1,2.72e-05,0.0077702,1.69e-05,0.0066854,3.73e-05,0.0084942,0.9075105208338872,-0.0066107338073552,-15.030209809429005,0.8016513880039884,-0.3930342313253776
2026-08-04T20-28-08_tanh_8_33,200,100,5,tanh,8,1,8.43e-05,0.0129472,0.0003441,0.0193963,0.0002812,0.0220448,0.8974383702544859,-0.0119511945485829,-17.074797900741345,0.7409365919722015,-0.4383443823177486
2026-08-04T20-28-08_tanh_8_34,200,100,5,tanh,8,1,4.49e-05,0.0096704,1.27e-05,0.0058665,6.47e-05,0.0108308,0.902432263165917,-0.017818005827506,-13.93310924641103,0.800855028242267,-0.3259368615600067
2026-08-04T20-28-08_tanh_8_35,200,100,5,tanh,8,1,0.000136,0.0176565,0.0001189,0.01659,8.67e-05,0.0153724,0.905404221486292,-0.0134430869216307,-15.59209142654692,0.7804556458812019,-0.3405076089928099
2026-08-04T20-28-08_tanh_8_36,200,100,5,tanh,8,1,0.0001623,0.0184024,0.0001998,0.0183283,0.0005882,0.028654,0.9025833301477116,-0.0137976837318397,-16.751085814596728,0.7605598084381893,-0.3804883134964575
2026-08-04T20-28-08_tanh_8_37,200,100,5,tanh,8,1,4.14e-05,0.0093696,5.43e-05,0.0104978,9.84e-05,0.0128319,0.8832535759659071,-0.0066013430363474,-13.964581149368462,0.8049955464514238,-0.3272637663615457
2026-08-04T20-28-08_tanh_8_38,200,100,5,tanh,8,1,6.45e-05,0.0115662,7.79e-05,0.0115321,4.17e-05,0.0099709,0.9048885681627132,-0.0115561111484821,-15.391464466939752,0.7953848863340431,-0.6284684664621099
2026-08-04T20-28-08_tanh_8_39,200,100,5,tanh,8,1,7.84e-05,0.0126982,5.44e-05,0.0118161,3.95e-05,0.009798,0.8919976610860052,-0.0159603314763955,-16.332530126377442,0.7830723990511401,-0.4124209195078571
2026-08-04T20-28-08_tanh_8_40,200,100,5,tanh,8,1,5.43e-05,0.0110712,9.42e-05,0.0141638,3.24e-05,0.0088251,0.9047398346480524,-0.0134853224973963,-15.751515970472846,0.7749037371316959,-0.2725819795414441
2026-08-04T20-28-08_tanh_8_41,200,100,5,tanh,8,1,6.96e-05,0.0114806,6.36e-05,0.0115324,0.0001383,0.0143176,0.8893171760932811,-0.0153291979480244,-16.187777577612707,0.7733090227567444,-0.3257021828444545
2026-08-04T20-28-08_tanh_8_42,200,100,5,tanh,8,1,6.71e-05,0.0113199,3.16e-05,0.0083859,0.000242,0.0197007,0.8499725842559549,-0.0141349465947925,-14.427272542754393,0.7941696606328472,-0.428711690263645
2026-08-04T20-28-08_tanh_8_43,200,100,5,tanh,8,1,5.88e-05,0.0112041,6e-05,0.0109661,0.0001012,0.0154766,0.8927775448481003,-0.0108894659288881,-15.26493768646983,0.7858279518959239,-0.2785473683085171
2026-08-04T20-28-08_tanh_8_44,200,100,5,tanh,8,1,8.67e-05,0.0141042,5.34e-05,0.0117153,0.0001127,0.016379,0.8866832468736497,-0.0109873258318429,-13.869331143776105,0.8013724084299201,-0.6693723984481227
2026-08-04T20-28-08_tanh_8_45,200,100,5,tanh,8,1,2.02e-05,0.0066277,5.95e-05,0.0086597,1.64e-05,0.0055681,0.8960544961590975,-0.0134395299150231,-15.85745956756882,0.7838870441641291,-0.3284081701949459
2026-08-04T20-28-08_tanh_8_46,200,100,5,tanh,8,1,5.25e-05,0.0098699,8.63e-05,0.0130084,5.62e-05,0.0109319,0.9131724614815036,-0.0153018073095908,-15.767456303767062,0.7894778584240981,-0.2419351184398011
2026-08-04T20-28-08_tanh_8_47,200,100,5,tanh,8,1,6.15e-05,0.0108727,4.12e-05,0.0101916,3.17e-05,0.0091883,0.894129352054793,-0.0102597926096029,-15.719600972815703,0.7557037868738334,-0.4001739447946351
2026-08-04T20-28-08_tanh_8_48,200,100,5,tanh,8,1,7.59e-05,0.0122084,9.11e-05,0.0134395,3.75e-05,0.0097311,0.8961290606184873,-0.0180941830057332,-15.771418530107832,0.797530809694768,-0.3264027409937531
2026-08-04T20-28-08_tanh_8_49,200,100,5,tanh,8,1,2.52e-05,0.0069691,2.02e-05,0.0063425,0.0002356,0.0181431,0.900598525816539,-0.0121864319919222,-15.563821100040908,0.7870613832539245,-0.3125870331093371
2026-08-04T20-28-08_tanh_8_50,200,100,5,tanh,8,1,5.95e-05,0.0110285,5.35e-05,0.0108721,0.0001291,0.0160721,0.9024416846348912,-0.0088104787554991,-15.425721208893586,0.7896738549332636,-0.3029570094506967
2026-08-04T20-28-08_tanh_8_51,200,100,5,tanh,8,1,5.14e-05,0.0104279,7e-05,0.0126608,5.53e-05,0.0105939,0.8945540294615208,-0.0113034387449945,-15.56791223623632,0.773972990902918,-0.2642690402009656
2026-08-04T20-28-08_tanh_8_52,200,100,5,tanh,8,1,4.68e-05,0.0094209,3.86e-05,0.009215,0.0001956,0.0184952,0.890799798881801,-0.0146537076400125,-15.400410068923026,0.783578282690417,-0.29286184279259
2026-08-04T20-28-08_tanh_8_53,200,100,5,tanh,8,1,7.6e-06,0.004061,1.22e-05,0.0047323,7.3e-06,0.0042161,0.9090196163256256,-0.0141314311570374,-14.534853861301158,0.789642821353365,-0.3681670293548045
2026-08-04T20-28-08_tanh_8_54,200,100,5,tanh,8,1,5.96e-05,0.0109115,0.0002109,0.0169421,4.34e-05,0.0103259,0.8820214274952626,-0.0064726268155409,-16.49652340763371,0.765722169645086,-0.3547407846020078
2026-08-04T20-28-08_tanh_8_55,200,100,5,tanh,8,1,7.29e-05,0.0118896,4e-05,0.0092968,4.45e-05,0.0105994,0.9029742907669268,-0.0127596702990076,-14.606973360714957,0.7977005867241118,-0.3862521135191854
2026-08-04T20-28-08_tanh_8_56,200,100,5,tanh,8,1,3.74e-05,0.0085189,0.0001146,0.011622,3.03e-05,0.0084241,0.8838977475461445,-0.0070969476687272,-15.61947811954828,0.7920310228077659,-0.2384345938583998
2026-08-04T20-28-08_tanh_8_57,200,100,5,tanh,8,1,4.86e-05,0.0097,5.87e-05,0.0111103,3.68e-05,0.009778,0.8996727166268915,-0.0145622700372611,-15.436329175498372,0.774631536908149,-0.3281816688492379
2026-08-04T20-28-08_tanh_8_58,200,100,5,tanh,8,1,0.0001936,0.0191763,0.0001781,0.0203092,0.0007365,0.0333667,0.8880387467798616,-0.0103704200154079,-16.44472634662737,0.7518803474408744,-0.4865457305272548
2026-08-04T20-28-08_tanh_8_59,200,100,5,tanh,8,1,6.27e-05,0.0110518,9.35e-05,0.0121587,0.0001823,0.0186091,0.8944717812744658,-0.0149435042700912,-15.384842839692286,0.7852843407923964,-0.3779506711233149
2026-08-04T20-28-08_tanh_8_60,200,100,5,tanh,8,1,2.33e-05,0.0070169,4.21e-05,0.0091127,1.98e-05,0.0068679,0.9090401476863812,-0.014847384334336,-15.56847932062773,0.7824356545732754,-0.2811150764221448
2026-08-04T20-28-08_tanh_8_61,200,100,5,tanh,8,1,0.0002125,0.0206059,0.0001784,0.0208274,0.0001364,0.0177971,0.8626033853801646,-0.0166903452760771,-15.213276430789074,0.795101508960931,-0.2349109593085951
2026-08-04T20-28-08_tanh_8_62,200,100,5,tanh,8,1,8.24e-05,0.0126264,6.45e-05,0.0121376,0.0002246,0.0165234,0.9060660557677516,-0.0114606766802953,-15.325274741896855,0.7839482874530349,-0.2940308113486772
2026-08-04T20-28-08_tanh_8_63,200,100,5,tanh,8,1,3.2e-05,0.0081235,3.5e-05,0.0083329,3.24e-05,0.0084572,0.8919986086715721,-0.0226167415238899,-16.186262199289324,0.7813444119777524,-0.2769872893916369
2026-08-04T20-28-08_tanh_8_64,200,100,5,tanh,8,1,5.71e-05,0.0109928,0.0001499,0.0168891,3.33e-05,0.0085064,0.8536441333225622,-0.0064536175766252,-14.756846084767291,0.7914721404525759,-0.4248420688196253
2026-08-04T20-28-08_tanh_8_65,200,100,5,tanh,8,1,2.41e-05,0.0070601,6.64e-05,0.0096274,2.34e-05,0.0070337,0.8998762662954543,-0.015280290145434,-14.98583631962041,0.8024435447218451,-0.3601132716792227
2026-08-04T20-28-08_tanh_8_66,200,100,5,tanh,8,1,0.0001184,0.0149731,5.9e-05,0.0126457,0.0003644,0.0208015,0.8965357165699791,-0.0105622248908734,-15.68385004678492,0.7843303917325394,-0.2725391783263525
2026-08-04T20-28-08_tanh_8_67,200,100,5,tanh,8,1,0.0001191,0.0148571,0.0001728,0.0184162,0.0001316,0.0155248,0.8944423199637065,-0.0200503381518615,-14.984079614968971,0.7818332036121294,-0.4191456543831496
2026-08-04T20-28-08_tanh_8_68,200,100,5,tanh,8,1,7.02e-05,0.0123044,0.0004762,0.0275997,0.0005057,0.024725,0.8889372125260409,-0.0134146431586803,-15.567312688855637,0.775921391663396,-1.361933232513885
2026-08-04T20-28-08_tanh_8_69,200,100,5,tanh,8,1,0.000102,0.0149001,7.28e-05,0.0129792,0.0001212,0.0169444,0.8935603328183097,-0.0111391737333654,-15.87363257246073,0.7746775031137242,-0.4380470025255668
2026-08-04T20-28-08_tanh_8_70,200,100,5,tanh,8,1,0.0001366,0.0170908,8.66e-05,0.0135469,8.71e-05,0.0143848,0.8785170224802231,-0.0183174940606925,-15.641472515369465,0.7682494640751727,-0.2728277020813612
2026-08-04T20-28-08_tanh_8_71,200,100,5,tanh,8,1,1.38e-05,0.0054439,7.32e-05,0.0098372,1.15e-05,0.0054135,0.9036664032975086,-0.0116712536407162,-15.150943520575009,0.7877900859682597,-0.3247261184627809
2026-08-04T20-28-08_tanh_8_72,200,100,5,tanh,8,1,4.24e-05,0.009199,0.0001294,0.0152494,0.0001017,0.0107507,0.905144329846116,-0.0131018558067881,-16.7928981778947,0.7786158352793139,-0.3457293363634878
2026-08-04T20-28-08_tanh_8_73,200,100,5,tanh,8,1,0.0001738,0.0196951,0.0001572,0.0202998,9.99e-05,0.0142977,0.8836573887365964,-0.0143868592847175,-18.413358960612108,0.7082782223861941,-0.4752392600000904
2026-08-04T20-28-08_tanh_8_74,200,100,5,tanh,8,1,6.27e-05,0.0117971,7.3e-05,0.0133016,0.0002668,0.0201251,0.8925205846041973,-0.0175066506309728,-16.128335842054792,0.7675395304530462,-0.3462405005784147
2026-08-04T20-28-08_tanh_8_75,200,100,5,tanh,8,1,6.49e-05,0.0114733,3.9e-05,0.0101658,0.0001266,0.0141961,0.9007808633179673,-0.0222749489168674,-16.104817134017154,0.7659438940036026,-0.2681843923109578
2026-08-04T20-28-08_tanh_8_76,200,100,5,tanh,8,1,8.21e-05,0.0135489,0.000154,0.0150953,8.58e-05,0.0145931,0.8866999883466615,-0.0113902440140044,-16.86803024097799,0.7654153109145767,-0.4015928750657426
2026-08-04T20-28-08_tanh_8_77,200,100,5,tanh,8,1,8.45e-05,0.0131362,6.08e-05,0.0122739,6.88e-05,0.0132622,0.9045430712361998,-0.0141194319230014,-14.96982796574699,0.7985949445874185,-0.2487530941600647
2026-08-04T20-28-08_tanh_8_78,200,100,5,tanh,8,1,1.51e-05,0.0056688,9.83e-05,0.0121346,3.43e-05,0.0076674,0.9049849485359708,-0.0205839326885749,-15.424442012708209,0.7906508215316997,-0.253871315348973
2026-08-04T20-28-08_tanh_8_79,200,100,5,tanh,8,1,9.3e-05,0.0130419,0.0001371,0.016596,0.000107,0.0149654,0.8992562128771514,-0.0059826807724897,-15.627224056655583,0.7657810216789405,-0.4199319617877772
2026-08-04T20-28-08_tanh_8_80,200,100,5,tanh,8,1,0.0001853,0.0188921,0.0003994,0.0272065,0.0002695,0.0237012,0.8359683241135091,-0.0110747063752246,-16.175434341990744,0.7602221286167125,-0.7026985226534166
2026-08-04T20-28-08_tanh_8_81,200,100,5,tanh,8,1,2.87e-05,0.0077329,2.67e-05,0.0081408,0.0001782,0.0161343,0.9021972515331956,-0.0132637276869336,-15.3728519370646,0.7853962150347689,-0.331242259730331
2026-08-04T20-28-08_tanh_8_82,200,100,5,tanh,8,1,9.53e-05,0.0128547,0.0003326,0.0198407,3.31e-05,0.0096937,0.8516895541614211,-0.0157373274489663,-15.767536208937065,0.7656482755612136,-0.3104374873708043
2026-08-04T20-28-08_tanh_8_83,200,100,5,tanh,8,1,9.03e-05,0.0130074,0.0001009,0.0154203,0.000215,0.0175815,0.8700604045897121,-0.0175469191531729,-15.23297301668479,0.7786153297213916,-0.3990950725010844
2026-08-04T20-28-08_tanh_8_84,200,100,5,tanh,8,1,3.85e-05,0.0089989,2.59e-05,0.0079488,2.99e-05,0.0088533,0.9084646245757912,-0.0181158230004314,-15.816872610366165,0.7741870054837445,-0.3831738219196184
2026-08-04T20-28-08_tanh_8_85,200,100,5,tanh,8,1,0.0001184,0.0153676,6.44e-05,0.0127608,0.0002199,0.0210209,0.8986776428184611,-0.0184921766110139,-15.753508214720569,0.7661498300808377,-0.3004258358633727
2026-08-04T20-28-08_tanh_8_86,200,100,5,tanh,8,1,9.9e-05,0.0139384,0.0002593,0.018254,0.0003348,0.0231114,0.8960273481937217,-0.0206411212640557,-15.63226432373988,0.770274114862033,-0.3212492952442868
2026-08-04T20-28-08_tanh_8_87,200,100,5,tanh,8,1,6.98e-05,0.0122179,0.0004879,0.0272469,0.0006158,0.0268382,0.8970737348324264,-0.0125529105108392,-16.87875980483121,0.7487036280450275,-0.4423095896861662
2026-08-04T20-28-08_tanh_8_88,200,100,5,tanh,8,1,2.87e-05,0.0080896,3.47e-05,0.0087976,1.4e-05,0.0060573,0.9016252271541152,-0.007887415831756,-14.307767572487432,0.8022687909000219,-0.2761133021205831
2026-08-04T20-28-08_tanh_8_89,200,100,5,tanh,8,1,0.0001813,0.0194167,0.0001975,0.0195213,0.0002037,0.0202138,0.8902720286398219,-0.0068788413664331,-14.0595861675282,0.8074794762256261,-0.2931773542805976
2026-08-04T20-28-08_tanh_8_90,200,100,5,tanh,8,1,0.0001263,0.0159557,7.37e-05,0.0139545,0.0001071,0.014861,0.8514869280672734,-0.0168130513690351,-15.87405213295322,0.7954823516372321,-0.6324265731653926
2026-08-04T20-28-08_tanh_8_91,200,100,5,tanh,8,1,5.16e-05,0.0103652,4.91e-05,0.0110959,5.08e-05,0.0112715,0.8962804325706774,-0.0172651355903588,-14.279317379488868,0.7996372383867186,-0.4891829588904056
2026-08-04T20-28-08_tanh_8_92,200,100,5,tanh,8,1,9.54e-05,0.0148748,0.0001164,0.0152852,0.0001985,0.0206314,0.8692615051491066,-0.0099304248108556,-15.651256667369944,0.7424091044236436,-0.5851264572849157
2026-08-04T20-28-08_tanh_8_93,200,100,5,tanh,8,1,8.58e-05,0.0129979,0.0004524,0.0250278,0.0006795,0.0268751,0.9114096185593348,-0.0113344452463948,-16.016596065698273,0.7833067030051952,-0.5651800345198736
2026-08-04T20-28-08_tanh_8_94,200,100,5,tanh,8,1,4.56e-05,0.0094178,5.56e-05,0.0109877,7.4e-05,0.0117312,0.8904972875329777,-0.0159914916472812,-15.057978261545504,0.8022485286923485,-0.3123837505298282
2026-08-04T20-28-08_tanh_8_95,200,100,5,tanh,8,1,5.66e-05,0.0108446,6.84e-05,0.0105141,2.51e-05,0.0076122,0.9018650917067136,-0.016275759953652,-15.066634189796757,0.7862961741750424,-0.2689718818074987
2026-08-04T20-28-08_tanh_8_96,200,100,5,tanh,8,1,4.82e-05,0.0103252,3.73e-05,0.0099265,0.0002402,0.0171865,0.9046035375578056,-0.0152202001415691,-16.066864852997004,0.7652624228671017,-0.3282030517923856
2026-08-04T20-28-08_tanh_8_97,200,100,5,tanh,8,1,3.9e-05,0.0091586,0.0001042,0.0118853,6.05e-05,0.0107502,0.8533601289454659,-0.0093766546156705,-15.726269145664602,0.7778913987568057,-0.3096250325315169
2026-08-04T20-28-08_tanh_8_98,200,100,5,tanh,8,1,0.0002924,0.0251886,0.0004743,0.0318466,0.0004532,0.029934,0.1677684212413203,-0.10835807472001,-14.106527980852416,0.8272627539852812,-0.2039194724441889
2026-08-04T20-28-08_tanh_8_99,200,100,5,tanh,8,1,0.0003082,0.0257939,0.0003971,0.0284385,0.0011125,0.0382756,0.8508411759837224,-0.0146492503297686,-17.4176534716843,0.735016750407204,-0.6230562004957269
2026-08-04T20-28-08_tanh_8_100,200,100,5,tanh,8,1,0.000163,0.0184253,0.0001441,0.0198059,0.0001006,0.0165751,0.8798693981191124,-0.0088490668834001,-14.777388958167796,0.7898436827022188,-0.7263034781094053
2026-08-05T01-20-56_tanh_16_1,200,100,5,tanh,16,1,6e-06,0.0032876,2.8e-06,0.0023228,5.9e-06,0.0034604,0.9110008036093992,-0.0141334346538298,-14.810291132860936,0.8094748239340518,-0.3769831285889535
2026-08-05T01-20-56_tanh_16_2,200,100,5,tanh,16,1,4e-06,0.0029437,8.2e-06,0.00395,4.7e-06,0.0033563,0.9026397124793448,-0.0151665081889594,-15.266338063817532,0.7743232854882256,-0.490990487167554
2026-08-05T01-20-56_tanh_16_3,200,100,5,tanh,16,1,6.7e-06,0.0037836,5.5e-06,0.003863,3.5e-06,0.0029401,0.9005668776599706,-0.019325845067605,-15.57996657217304,0.7675460344257188,-0.2626409451725259
2026-08-05T01-20-56_tanh_16_4,200,100,5,tanh,16,1,3.1e-06,0.0024775,1.38e-05,0.0040481,3.8e-06,0.0025796,0.8970430822391042,-0.0025674263272411,-14.884617471777776,0.7924520789563452,-0.4382942091412206
2026-08-05T01-20-56_tanh_16_5,200,100,5,tanh,16,1,2.3e-06,0.002207,8e-06,0.0038335,5.9e-06,0.0033344,0.9014276573017538,-0.0145406425914881,-14.861773999454517,0.7909172661131486,-0.2882465231936304
2026-08-05T01-20-56_tanh_16_6,200,100,5,tanh,16,1,7.3e-06,0.0039496,9.6e-06,0.0048269,4.7e-06,0.0033403,0.8856420271052416,-0.0094891247582045,-14.880343371161803,0.8006333644752551,-0.3469270159260407
2026-08-05T01-20-56_tanh_16_7,200,100,5,tanh,16,1,9.5e-06,0.0042241,2.3e-06,0.0023837,5.8e-06,0.0034292,0.8673855676029832,-0.0102207276656367,-14.17372209206965,0.7939818720293335,-0.2874680489851721
2026-08-05T01-20-56_tanh_16_8,200,100,5,tanh,16,1,6.2e-06,0.0036551,0.0001934,0.0124753,2.88e-05,0.0064573,0.8973393182225522,-0.0154680204383217,-14.204487418529895,0.7904766857690197,-0.831318948490628
2026-08-05T01-20-56_tanh_16_9,200,100,5,tanh,16,1,5.6e-06,0.0035902,5.3e-06,0.0035089,3.7e-06,0.003126,0.9109236335568096,-0.0170260037130727,-15.595183393103255,0.7846116657008622,-0.3397562700149176
2026-08-05T01-20-56_tanh_16_10,200,100,5,tanh,16,1,5.8e-06,0.0036645,1.11e-05,0.004442,8.9e-06,0.0041113,0.903865053803438,-0.01478821811111,-14.935682639065297,0.791704017379003,-0.5144679398958424
2026-08-05T01-20-56_tanh_16_11,200,100,5,tanh,16,1,4.4e-06,0.0031147,4.08e-05,0.0058813,3.2e-06,0.0029052,0.8898308751366892,-0.0119245241738564,-15.064639002569866,0.7943402510924138,-0.5652395221599033
2026-08-05T01-20-56_tanh_16_12,200,100,5,tanh,16,1,9.8e-06,0.004658,7.7e-06,0.0040896,9.8e-06,0.0049884,0.9010345424820912,-0.0103292624307677,-12.891374703711843,0.8059276508584261,-0.4611287919986706
2026-08-05T01-20-56_tanh_16_13,200,100,5,tanh,16,1,2.8e-06,0.0025037,2.8e-06,0.0026696,6.5e-06,0.0034023,0.9022067079135384,-0.0141488485390454,-15.322281327085935,0.7981451125891617,-0.5596386187867647
2026-08-05T01-20-56_tanh_16_14,200,100,5,tanh,16,1,4.5e-06,0.0030408,4.3e-06,0.0033497,3.5e-06,0.0029402,0.90098168410757,-0.0085831966078052,-14.761021858306645,0.7944514613510117,-0.4330372844593178
2026-08-05T01-20-56_tanh_16_15,200,100,5,tanh,16,1,2.6e-06,0.0024179,3.6e-06,0.0028409,2.89e-05,0.0056575,0.8880449944392994,-0.0061533505717265,-14.301254226122666,0.7868962042617527,-0.3686485896229508
2026-08-05T01-20-56_tanh_16_16,200,100,5,tanh,16,1,4.7e-06,0.0033404,1.07e-05,0.0043621,6.43e-05,0.0062686,0.9032764093785048,-0.0094141545953784,-14.466987749037251,0.7987951903987078,-0.4540952286674232
2026-08-05T01-20-56_tanh_16_17,200,100,5,tanh,16,1,4.1e-06,0.00304,1.23e-05,0.0046865,6.9e-06,0.003916,0.9128201010793796,-0.0105146031149428,-14.94764354563656,0.7986476724984238,-0.4835995188222003
2026-08-05T01-20-56_tanh_16_18,200,100,5,tanh,16,1,4e-06,0.0028494,4.4e-06,0.0032524,2.9e-06,0.0025745,0.9023373221543054,-0.0116065665890435,-14.331450617252386,0.7874644817111677,-0.5131513805337018
2026-08-05T01-20-56_tanh_16_19,200,100,5,tanh,16,1,5.5e-06,0.0033736,4.3e-06,0.0032714,7.1e-06,0.0042263,0.900365901127706,-0.0104441117057351,-14.38179313405738,0.805439125629136,-0.6056856045106246
2026-08-05T01-20-56_tanh_16_20,200,100,5,tanh,16,1,3.7e-06,0.0028383,1.04e-05,0.0042887,4.3e-06,0.0030275,0.905389472972694,-0.0089723235440169,-14.087309695995916,0.8002669766230129,-0.759905077084953
2026-08-05T01-20-56_tanh_16_21,200,100,5,tanh,16,1,3e-06,0.0025611,3.1e-06,0.0028148,1.15e-05,0.0041856,0.8998333661777901,-0.008061571255231,-15.294748071181138,0.7754228917888322,-0.3155632455167761
2026-08-05T01-20-56_tanh_16_22,200,100,5,tanh,16,1,7.4e-06,0.0039598,5.2e-06,0.0033177,4.9e-06,0.0033211,0.9024550023211166,-0.0088276945130026,-14.85907443627178,0.7879683036886698,-0.3723493683037865
2026-08-05T01-20-56_tanh_16_23,200,100,5,tanh,16,1,4.7e-06,0.0032168,3.19e-05,0.0057192,1.04e-05,0.0045708,0.9061766539045648,-0.0077089561295439,-14.91390992961988,0.7898911755912057,-0.3810599723755537
2026-08-05T01-20-56_tanh_16_24,200,100,5,tanh,16,1,3.8e-06,0.0026807,3.1e-06,0.002121,2.2e-06,0.0022527,0.8913825838047214,-0.006863124985753,-13.75426155782058,0.8111652773200217,-0.3401244977234908
2026-08-05T01-20-56_tanh_16_25,200,100,5,tanh,16,1,3.8e-06,0.002837,5.2e-06,0.0029157,5.54e-05,0.0081164,0.8998176705255853,-0.0080693116265835,-14.77048290270281,0.7721614647660804,-0.3493176392419861
2026-08-05T01-20-56_tanh_16_26,200,100,5,tanh,16,1,8.5e-06,0.0041774,8.4e-06,0.0042731,6.2e-06,0.0037246,0.9006025015098507,-0.0105745482111962,-14.792023756558176,0.7930549104217389,-0.2512030064934445
2026-08-05T01-20-56_tanh_16_27,200,100,5,tanh,16,1,3.3e-06,0.0027741,5.3e-06,0.0033921,5.4e-06,0.0036185,0.9072687073907416,-0.0136827225554554,-15.031663763419042,0.7570269663394225,-0.9160767855420228
2026-08-05T01-20-56_tanh_16_28,200,100,5,tanh,16,1,4e-06,0.0030538,2.88e-05,0.0056896,2e-05,0.0045494,0.906689708611334,-0.0152623526314245,-15.217725469539957,0.7921209604823537,-0.2471716871622864
2026-08-05T01-20-56_tanh_16_29,200,100,5,tanh,16,1,5.6e-06,0.003256,4.8e-06,0.0030538,5e-06,0.0029731,0.9012742293830108,-0.011683536320046,-14.728106042767203,0.7930815814868521,-0.3325024908990764
2026-08-05T01-20-56_tanh_16_30,200,100,5,tanh,16,1,3.3e-06,0.0027444,4e-06,0.0030403,7.9e-06,0.0039702,0.9014672805265508,-0.0189975969283575,-15.139484694332674,0.7553038722758924,-0.3439019712844692
2026-08-05T01-20-56_tanh_16_31,200,100,5,tanh,16,1,5.2e-06,0.00336,6.6e-06,0.0038233,1.71e-05,0.0048788,0.9058691725338284,-0.0169735114247929,-14.6044329756582,0.7959523794684046,-0.3207675594629028
2026-08-05T01-20-56_tanh_16_32,200,100,5,tanh,16,1,3.8e-06,0.0028397,4e-06,0.0031508,1.3e-05,0.0036451,0.9035692492926036,-0.0208213923179438,-15.105445134938872,0.7924879644824571,-0.2993045007810469
2026-08-05T01-20-56_tanh_16_33,200,100,5,tanh,16,1,7.4e-06,0.0039553,3.49e-05,0.007108,2.07e-05,0.006454,0.9024860910986184,-0.0162144988137788,-14.541869683392232,0.7955063713854801,-0.4556904633227382
2026-08-05T01-20-56_tanh_16_34,200,100,5,tanh,16,1,2.5e-06,0.0022877,1.5e-06,0.001956,4.1e-06,0.0031008,0.906813565933826,-0.0105572672319454,-14.233295065756613,0.7936208784652339,-0.3815464211597886
2026-08-05T01-20-56_tanh_16_35,200,100,5,tanh,16,1,3.7e-06,0.0027859,4.4e-06,0.0031929,3.2e-06,0.0027358,0.907448367799128,-0.0154208047621351,-14.351474077500152,0.7729983405651465,-0.3481857154725359
2026-08-05T01-20-56_tanh_16_36,200,100,5,tanh,16,1,2.2e-06,0.002253,6e-06,0.0033485,1.24e-05,0.0044889,0.8869000054093255,-0.0023731610237933,-14.899352890175042,0.7647593480507708,-0.4027606543287115
2026-08-05T01-20-56_tanh_16_37,200,100,5,tanh,16,1,5e-06,0.0032745,1.06e-05,0.0043254,3.35e-05,0.0070386,0.9084364194155278,-0.0143057580916675,-14.508532234932966,0.7759259148294528,-0.4201050827500102
2026-08-05T01-20-56_tanh_16_38,200,100,5,tanh,16,1,2.1e-06,0.0022012,4.6e-06,0.0030438,4.06e-05,0.0051854,0.9024662838338748,-0.0160422012456464,-14.91493322088238,0.7949205288496171,-0.3738868312387066
2026-08-05T01-20-56_tanh_16_39,200,100,5,tanh,16,1,5.6e-06,0.0035585,5.3e-06,0.0036861,4.8e-06,0.0035192,0.8927698995026683,-0.0069755175992964,-14.238637826702222,0.8026167774265653,-0.5577214037553133
2026-08-05T01-20-56_tanh_16_40,200,100,5,tanh,16,1,3.7e-06,0.0029095,1.13e-05,0.0042167,3.8e-06,0.0030168,0.9044596877181184,-0.0190175653457155,-14.730574916024088,0.7588755881491418,-0.5668290806440124
2026-08-05T01-20-56_tanh_16_41,200,100,5,tanh,16,1,5.4e-06,0.0034485,8.3e-06,0.0040718,1.37e-05,0.0052666,0.91200396839218,-0.0131396510496221,-14.50761423114776,0.7971393850198687,-0.3750705092773582
2026-08-05T01-20-56_tanh_16_42,200,100,5,tanh,16,1,2.9e-06,0.0025245,2.3e-06,0.002194,4.9e-06,0.0032709,0.9092792658607308,-0.0145765852660015,-14.596756987429355,0.7993032850284263,-0.4347991387140427
2026-08-05T01-20-56_tanh_16_43,200,100,5,tanh,16,1,2.7e-06,0.0023344,5e-06,0.0031065,5e-06,0.0030514,0.8963663287204721,-0.0104282743346663,-14.614830698904068,0.7808422237560474,-0.2518786390288846
2026-08-05T01-20-56_tanh_16_44,200,100,5,tanh,16,1,5.8e-06,0.0036429,8.5e-06,0.0046533,7.3e-06,0.0041784,0.9080240586867429,-0.0104536968531948,-13.924418972151535,0.7916360841130679,-0.4243517066671748
2026-08-05T01-20-56_tanh_16_45,200,100,5,tanh,16,1,2.3e-06,0.0022989,2.83e-05,0.0057475,6.2e-06,0.0028701,0.9051985518049224,-0.0161908537966509,-14.631812146421431,0.8025728494695847,-0.4530190131406725
2026-08-05T01-20-56_tanh_16_46,200,100,5,tanh,16,1,8.5e-06,0.0044323,2.29e-05,0.0069558,1.04e-05,0.0050451,0.8796286298464228,-0.0070241820461906,-14.595210818688775,0.793285189607273,-0.7787667122751513
2026-08-05T01-20-56_tanh_16_47,200,100,5,tanh,16,1,5.8e-06,0.0034592,7.3e-06,0.0035082,3.5e-06,0.0028216,0.8915536176964103,-0.0104890501298602,-15.374200808532848,0.7824735161934642,-0.4682371872916269
2026-08-05T01-20-56_tanh_16_48,200,100,5,tanh,16,1,6.6e-06,0.0036286,8.7e-06,0.0041305,8.4e-06,0.0040742,0.9077837486740088,-0.011599832569686,-15.158644061711083,0.8038666256067382,-0.4697025149271511
2026-08-05T01-20-56_tanh_16_49,200,100,5,tanh,16,1,4.7e-06,0.0032053,6.4e-06,0.003415,8.52e-05,0.0097364,0.901954605783166,-0.009348936472373,-15.281424054220484,0.7757354495839416,-0.4545656859375479
2026-08-05T01-20-56_tanh_16_50,200,100,5,tanh,16,1,7.3e-06,0.0039324,1.08e-05,0.004051,7.4e-05,0.0074921,0.893022987715249,-0.0107494608945927,-14.344838318441273,0.8115926079020694,-0.3695635901529187
2026-08-05T01-20-56_tanh_16_51,200,100,5,tanh,16,1,2.7e-06,0.0024955,5.3e-06,0.003547,4.4e-06,0.003246,0.906762726275434,-0.015481229515078,-15.026896614448232,0.8021060176946954,-0.3477057585550319
2026-08-05T01-20-56_tanh_16_52,200,100,5,tanh,16,1,5.9e-06,0.0037019,6.8e-06,0.0038196,7.44e-05,0.010163,0.8603365773544059,-0.014635229009846,-14.947950408889522,0.7996964699227723,-0.2892810916432659
2026-08-05T01-20-56_tanh_16_53,200,100,5,tanh,16,1,6e-06,0.0036743,7.3e-06,0.0038383,1.27e-05,0.0047949,0.9063084180336552,-0.0170516884205388,-14.703369914362671,0.8047607134956832,-0.3820063504203247
2026-08-05T01-20-56_tanh_16_54,200,100,5,tanh,16,1,1.2e-05,0.0050974,2.54e-05,0.0057309,1.57e-05,0.0052283,0.900175392888247,-0.0116693015153211,-15.163636498532744,0.7595275310519314,-0.8094385216579226
2026-08-05T01-20-56_tanh_16_55,200,100,5,tanh,16,1,4.1e-06,0.0029357,2.6e-06,0.0025393,3.5e-06,0.0028243,0.9055302918745444,-0.0103403658119371,-14.44395128444189,0.7968694976689449,-0.3295874640791197
2026-08-05T01-20-56_tanh_16_56,200,100,5,tanh,16,1,2.2e-06,0.0022755,5.07e-05,0.0055647,2.3e-06,0.0023661,0.9041973311026062,-0.0110639128739162,-13.882095445051275,0.8127927730877802,-0.748075506090366
2026-08-05T01-20-56_tanh_16_57,200,100,5,tanh,16,1,4.6e-06,0.0031431,4.18e-05,0.0067794,4.5e-06,0.0032227,0.8373514177668726,-0.0097045375536453,-14.551008673722638,0.7779304019056255,-0.4431510991181652
2026-08-05T01-20-56_tanh_16_58,200,100,5,tanh,16,1,6.3e-06,0.0037029,1.36e-05,0.0051572,2.43e-05,0.0066134,0.9027799380803364,-0.0114085937993422,-16.01480616814238,0.7636011382982556,-0.6830593940519218
2026-08-05T01-20-56_tanh_16_59,200,100,5,tanh,16,1,2.8e-06,0.0024277,5.2e-06,0.0031495,1.5e-05,0.0048619,0.9054234045276152,-0.0090162790318267,-14.799999040952134,0.7972263835562787,-0.287194470584145
2026-08-05T01-20-56_tanh_16_60,200,100,5,tanh,16,1,6.5e-06,0.0034136,1.8e-05,0.0060651,1.36e-05,0.0045484,0.8991790201159636,-0.0126491559222037,-15.16631197433033,0.7702215794871059,-0.3121236689257362
2026-08-05T01-20-56_tanh_16_61,200,100,5,tanh,16,1,2.7e-06,0.0024079,2.2e-06,0.0022985,2.7e-06,0.0025329,0.9055165665624888,-0.0114560287638268,-15.212524164103344,0.7817809836675336,-0.3268379436842289
2026-08-05T01-20-56_tanh_16_62,200,100,5,tanh,16,1,4.6e-06,0.0031437,1.03e-05,0.0046733,1.58e-05,0.0049092,0.8848835304120785,-0.0075971696609133,-15.69078214025527,0.7822947865340872,-0.3433373755219732
2026-08-05T01-20-56_tanh_16_63,200,100,5,tanh,16,1,3.2e-06,0.0026079,2.4e-06,0.0024825,2.4e-06,0.0024316,0.9006532210070105,-0.0063751198296897,-14.695109112975077,0.7963525183581129,-0.3319512687383009
2026-08-05T01-20-56_tanh_16_64,200,100,5,tanh,16,1,1.8e-06,0.0019841,1.73e-05,0.004206,2.1e-06,0.0020212,0.9073300253694484,-0.0142889847155868,-15.483363467342857,0.7887331895500157,-0.2811351695752168
2026-08-05T01-20-56_tanh_16_65,200,100,5,tanh,16,1,7.8e-06,0.0041555,2.74e-05,0.0070731,1.01e-05,0.0049984,0.9049664684953812,-0.015913846889396,-13.927072909441105,0.7996583336638006,-0.4771426426438779
2026-08-05T01-20-56_tanh_16_66,200,100,5,tanh,16,1,4.6e-06,0.0031965,1.46e-05,0.0050953,9.8e-06,0.0044091,0.9027314342455132,-0.0091285141754588,-15.279227153826264,0.7635585361985853,-1.1640678494594998
2026-08-05T01-20-56_tanh_16_67,200,100,5,tanh,16,1,3.7e-06,0.0027764,5.4e-06,0.0033535,5.3e-06,0.0033933,0.8860627183068024,-0.0096140712359756,-15.64156599405668,0.7775621153878454,-0.3410029452270402
2026-08-05T01-20-56_tanh_16_68,200,100,5,tanh,16,1,1.07e-05,0.0049153,0.0001397,0.0114927,7.87e-05,0.0085572,0.8806159262331077,-0.0111643805450558,-16.132353389352687,0.7529373888297878,-0.9553040154907734
2026-08-05T01-20-56_tanh_16_69,200,100,5,tanh,16,1,9.3e-06,0.0046837,9.6e-06,0.0049725,1.58e-05,0.0059507,0.8985628902903289,-0.0108102240439958,-15.592659136713568,0.7904605510566229,-0.296313344086102
2026-08-05T01-20-56_tanh_16_70,200,100,5,tanh,16,1,6.1e-06,0.0035529,9.9e-06,0.0041551,2.7e-06,0.0026968,0.9117697818334468,-0.0077251047171404,-14.549966200918464,0.7843448450519062,-0.4463780536710187
2026-08-05T01-20-56_tanh_16_71,200,100,5,tanh,16,1,6e-06,0.0038081,1.95e-05,0.0054277,7.1e-06,0.0043946,0.8975391797717547,-0.0131289392550552,-14.424683254266844,0.7744256086014829,-0.7099264430881187
2026-08-05T01-20-56_tanh_16_72,200,100,5,tanh,16,1,3.1e-06,0.0025392,2.21e-05,0.0053347,6.9e-06,0.0038255,0.8957433304018718,-0.0160837779656641,-14.758269169261537,0.7654795601235124,-0.3864269060515862
2026-08-05T01-20-56_tanh_16_73,200,100,5,tanh,16,1,4.9e-06,0.0032726,4.1e-06,0.0032162,6e-06,0.0037077,0.9062818895097042,-0.0090374300912895,-16.20293986431955,0.7679993416746013,-0.3294078817642377
2026-08-05T01-20-56_tanh_16_74,200,100,5,tanh,16,1,2.6e-06,0.0023262,4.9e-06,0.0032678,3.48e-05,0.0055158,0.9039951246211824,-0.0135758014506363,-14.402922416555835,0.8053178582331787,-0.2884126548817189
2026-08-05T01-20-56_tanh_16_75,200,100,5,tanh,16,1,5.1e-06,0.0032704,7.5e-06,0.0040282,1.09e-05,0.0041343,0.8929126390116847,-0.0056481102048093,-15.50185993588558,0.7778483230061606,-0.2814410145419644
2026-08-05T01-20-56_tanh_16_76,200,100,5,tanh,16,1,3.7e-06,0.0028898,1.64e-05,0.0042097,6.8e-06,0.0040836,0.893348447698789,-0.0050409065498928,-14.923645610997747,0.7993148505734691,-0.2985794408022696
2026-08-05T01-20-56_tanh_16_77,200,100,5,tanh,16,1,1.9e-06,0.0020128,1.5e-06,0.0020331,2.1e-06,0.0022243,0.9019985861285756,-0.0113456269523815,-15.653267923538785,0.7653540822534557,-0.3171407758900035
2026-08-05T01-20-56_tanh_16_78,200,100,5,tanh,16,1,6.5e-06,0.0034929,0.000105,0.0097317,8.8e-06,0.0038549,0.900604049637268,-0.0140882737263113,-14.827480677217768,0.7681118660085602,-0.5496289524389791
2026-08-05T01-20-56_tanh_16_79,200,100,5,tanh,16,1,6e-06,0.0036349,9.22e-05,0.0097551,2.88e-05,0.0056211,0.8995036093858516,-0.0159788038496742,-14.166296362188325,0.7940868950566167,-0.5314227705524321
2026-08-05T01-20-56_tanh_16_80,200,100,5,tanh,16,1,3.7e-06,0.0028103,7.1e-06,0.0030034,2.79e-05,0.0048067,0.8872724364734885,-0.0104527467170049,-14.24077783154208,0.7835854847067123,-0.369573369487377
2026-08-05T01-20-56_tanh_16_81,200,100,5,tanh,16,1,3.6e-06,0.0028432,4.4e-06,0.0030708,7.55e-05,0.0097131,0.9000059109640434,-0.0121511843047739,-14.287332557218637,0.8004359374580728,-0.4314717597325274
2026-08-05T01-20-56_tanh_16_82,200,100,5,tanh,16,1,3.7e-06,0.002945,2.48e-05,0.0050401,2.3e-06,0.0023441,0.9015764544950102,-0.0070096933779496,-14.65516296062556,0.7908115700170301,-0.3405820134699716
2026-08-05T01-20-56_tanh_16_83,200,100,5,tanh,16,1,3.2e-06,0.0027581,1.4e-05,0.0045072,9.7e-06,0.0037884,0.8890299710364561,-0.0082440998906008,-16.676078907043024,0.7227307949146402,-0.8313946264775712
2026-08-05T01-20-56_tanh_16_84,200,100,5,tanh,16,1,6.2e-06,0.0037434,5.1e-06,0.0036315,8.7e-06,0.0043041,0.9016635000003774,-0.0091576038085441,-14.668218164564047,0.7992256328769763,-0.3092974351612659
2026-08-05T01-20-56_tanh_16_85,200,100,5,tanh,16,1,9.9e-06,0.0046777,7e-06,0.0042569,2.27e-05,0.006582,0.9014781203236432,-0.007048738348984,-15.072248438465143,0.801841187747336,-0.2578580677442116
2026-08-05T01-20-56_tanh_16_86,200,100,5,tanh,16,1,3.9e-06,0.0028766,1.05e-05,0.0040213,5.43e-05,0.0079973,0.9046579439942168,-0.0122405192448926,-15.921196496721,0.7893516655265229,-0.6745638521145776
2026-08-05T01-20-56_tanh_16_87,200,100,5,tanh,16,1,3.5e-06,0.0027867,8.15e-05,0.0092522,6.59e-05,0.0066707,0.9000492393558746,-0.0068474727893296,-14.040131021784736,0.7865494070641931,-0.8215263612150625
2026-08-05T01-20-56_tanh_16_88,200,100,5,tanh,16,1,3.3e-06,0.0026967,6.5e-06,0.0035669,3.3e-06,0.0029903,0.8798823664171126,-0.0047194409534121,-13.628932218217448,0.7988517173023744,-0.4063719533113225
2026-08-05T01-20-56_tanh_16_89,200,100,5,tanh,16,1,5.6e-06,0.0033912,3e-06,0.0028161,8.2e-06,0.0041393,0.893842369404687,-0.0069340289272036,-14.111548416768107,0.8080163509885219,-0.3548275222310493
2026-08-05T01-20-56_tanh_16_90,200,100,5,tanh,16,1,5.4e-06,0.0035364,5.5e-06,0.0035474,2.7e-06,0.0026211,0.9009997186561508,-0.0159919726365811,-14.743824540801892,0.8076711575451565,-0.3826840342717331
2026-08-05T01-20-56_tanh_16_91,200,100,5,tanh,16,1,6.9e-06,0.0038492,5.3e-06,0.0037835,1.1e-05,0.0045791,0.9072690106753474,-0.0141947755577262,-13.786053637630232,0.8081492396455218,-0.4999370530410225
2026-08-05T01-20-56_tanh_16_92,200,100,5,tanh,16,1,2.6e-06,0.002419,7.4e-06,0.0035081,1.01e-05,0.00399,0.9058916926758434,-0.0125302306295333,-15.38727500098229,0.7936460203004704,-0.2473881026825747
2026-08-05T01-20-56_tanh_16_93,200,100,5,tanh,16,1,2.8e-06,0.0023502,3.59e-05,0.005448,4.12e-05,0.0056926,0.905827502012191,-0.0102207773931054,-14.626839579675892,0.7910164404707293,-0.332130171720385
2026-08-05T01-20-56_tanh_16_94,200,100,5,tanh,16,1,2.1e-06,0.0021953,2.4e-06,0.0024252,3.1e-06,0.0027788,0.8983565111070309,-0.0088708505438357,-14.122095173709448,0.7914470799976218,-0.4367761749764765
2026-08-05T01-20-56_tanh_16_95,200,100,5,tanh,16,1,4e-06,0.0030135,4.9e-06,0.0035744,3.1e-06,0.0028398,0.904077610100694,-0.0089388270218245,-15.702440254599273,0.7793092555427796,-0.5397232713388407
2026-08-05T01-20-56_tanh_16_96,200,100,5,tanh,16,1,5.3e-06,0.0033152,4.1e-06,0.0032217,1.26e-05,0.0048963,0.8879378208182634,-0.0112173216956511,-14.694707459914564,0.7923832348117614,-0.3501268203810942
2026-08-05T01-20-56_tanh_16_97,200,100,5,tanh,16,1,3.8e-06,0.0029332,8.5e-06,0.0038387,5.7e-06,0.0037401,0.8961523995606301,-0.0075435846196969,-15.375484521529026,0.7723662523668721,-0.3380088280878557
2026-08-05T01-20-56_tanh_16_98,200,100,5,tanh,16,1,3.7e-06,0.0026397,8.8e-06,0.0036142,8.1e-06,0.0038576,0.9059135447747672,-0.0111630392193457,-14.182513715061257,0.7703273710412111,-0.4104019558533767
2026-08-05T01-20-56_tanh_16_99,200,100,5,tanh,16,1,2.6e-06,0.0022295,7.7e-06,0.0032043,3.72e-05,0.0048112,0.8963696873384508,-0.0044230680353855,-14.62927423631974,0.792087228898285,-0.5666923818187252
2026-08-05T01-20-56_tanh_16_100,200,100,5,tanh,16,1,7.2e-06,0.0039051,7.1e-06,0.0041741,1.02e-05,0.005109,0.9058283604963784,-0.0099915217582181,-15.562949506379164,0.7564540736453184,-0.3072512358774726
2026-08-05T06-13-39_tanh_32_1,200,100,5,tanh,32,1,1.8e-06,0.0019287,1e-06,0.0015677,2e-06,0.0021579,0.8933415321642701,-0.0049913341147184,-14.711798082521344,0.7726918483066749,-0.2803837037261508
2026-08-05T06-13-39_tanh_32_2,200,100,5,tanh,32,1,4.8e-06,0.0032169,1.81e-05,0.0051622,9.7e-06,0.0042104,0.902930006724844,-0.0114940503544779,-16.070267949187503,0.7593659432864089,-1.01004436273232
2026-08-05T06-13-39_tanh_32_3,200,100,5,tanh,32,1,1.5e-06,0.0017887,1e-06,0.0015292,1.2e-06,0.0017295,0.9005513281140191,-0.0148065945915521,-14.662638213882351,0.7891258335367136,-0.2888358708794292
2026-08-05T06-13-39_tanh_32_4,200,100,5,tanh,32,1,4e-06,0.0029728,1.65e-05,0.0052599,6.5e-06,0.0037635,0.9021584092143646,-0.0053529245092949,-15.14436958680668,0.7666863230030713,-0.3078693080337035
2026-08-05T06-13-39_tanh_32_5,200,100,5,tanh,32,1,2.9e-06,0.0025849,1.21e-05,0.0044662,7.3e-06,0.0039115,0.9037066107367758,-0.0152345558984382,-15.64810528550809,0.7906244538785618,-0.6897180153479898
2026-08-05T06-13-39_tanh_32_6,200,100,5,tanh,32,1,3.6e-06,0.0028508,6.2e-06,0.0037524,5.3e-06,0.0036482,0.9038765936202446,-0.0120516525272083,-14.224738781781827,0.7890376599825563,-0.44661167996705
2026-08-05T06-13-39_tanh_32_7,200,100,5,tanh,32,1,1.3e-06,0.0017139,4.2e-06,0.0025649,1.8e-06,0.0020233,0.8995174405370486,-0.0112814159392851,-14.574605992075082,0.7994603551502546,-0.3767662170791747
2026-08-05T06-13-39_tanh_32_8,200,100,5,tanh,32,1,3.7e-06,0.0028184,4.79e-05,0.0082035,1.26e-05,0.0042973,0.902058116880086,-0.0160378886079934,-15.36205095253664,0.7998017327948915,-0.4279934190558959
2026-08-05T06-13-39_tanh_32_9,200,100,5,tanh,32,1,2.4e-06,0.0023611,7.6e-06,0.0034352,2.7e-06,0.0026326,0.8972750719085344,-0.0103791116678964,-14.975217482039152,0.7960695652257593,-0.4389381448552908
2026-08-05T06-13-39_tanh_32_10,200,100,5,tanh,32,1,3.2e-06,0.0025812,3.9e-06,0.0030166,3.7e-06,0.0027842,0.906264078031658,-0.0105321908789772,-14.143710438610814,0.7901862658496752,-0.3954728840596982
2026-08-05T06-13-39_tanh_32_11,200,100,5,tanh,32,1,2.5e-06,0.0023288,1.63e-05,0.0044132,3.5e-06,0.0029051,0.9011724765511342,-0.0185184039987448,-15.08864320891954,0.7949329065270138,-0.2638688527620603
2026-08-05T06-13-39_tanh_32_12,200,100,5,tanh,32,1,1.3e-06,0.0017241,1.9e-06,0.0019686,1.2e-06,0.0016559,0.8985536716815602,-0.0106417295853786,-15.11906123649892,0.7810886068167662,-0.2860113559149874
2026-08-05T06-13-39_tanh_32_13,200,100,5,tanh,32,1,2.8e-06,0.0024729,7.3e-06,0.0035807,3.3e-06,0.0029344,0.9134800515741288,-0.0137313366529398,-14.882771391526685,0.7992168424855951,-0.3275972591891329
2026-08-05T06-13-39_tanh_32_14,200,100,5,tanh,32,1,2.3e-06,0.002187,3.9e-06,0.0029627,1.9e-06,0.0022364,0.9060383487546092,-0.0102908699379025,-14.39328635336167,0.7823383138174104,-0.3307499141506703
2026-08-05T06-13-39_tanh_32_15,200,100,5,tanh,32,1,3.9e-06,0.002845,9.8e-06,0.0043027,4.02e-05,0.0064406,0.8915688348259089,-0.0112495519244813,-15.255370067431338,0.7858734659500446,-0.8050035833844245
2026-08-05T06-13-39_tanh_32_16,200,100,5,tanh,32,1,1.9e-06,0.0020884,2.2e-06,0.0022331,4.43e-05,0.0049952,0.9048312631042398,-0.0151439454681523,-15.627882536968857,0.7790245629897851,-0.5646796952511013
2026-08-05T06-13-39_tanh_32_17,200,100,5,tanh,32,1,2.8e-06,0.0026047,1.37e-05,0.0044827,7.3e-06,0.0037053,0.911952685187084,-0.0128631716790611,-15.070411123731317,0.7893965888291833,-0.3609718192120625
2026-08-05T06-13-39_tanh_32_18,200,100,5,tanh,32,1,1.7e-06,0.0018581,1e-06,0.0013906,1.5e-06,0.0018527,0.8969486906179256,-0.008072676879434,-15.464108414458888,0.771998102045157,-0.729195122824291
2026-08-05T06-13-39_tanh_32_19,200,100,5,tanh,32,1,3.4e-06,0.0027267,4e-06,0.0030585,3.5e-06,0.002901,0.897600256688721,-0.0136425850668537,-15.099292985506912,0.799804484865776,-0.2743975064384618
2026-08-05T06-13-39_tanh_32_20,200,100,5,tanh,32,1,3.5e-06,0.0028065,1.17e-05,0.004702,3.4e-06,0.0029476,0.9044648349565426,-0.0133554276771141,-15.863103259182523,0.751910360614222,-0.9487662943598696
2026-08-05T06-13-39_tanh_32_21,200,100,5,tanh,32,1,4.6e-06,0.003122,4.2e-06,0.0030096,3.1e-05,0.0066887,0.9038819834800595,-0.0121784735761396,-14.812118370483269,0.7794765761453897,-0.6491764858129656
2026-08-05T06-13-39_tanh_32_22,200,100,5,tanh,32,1,2.2e-06,0.0022309,2.3e-06,0.0022335,2.9e-06,0.0025302,0.9046578908012128,-0.0102473797167631,-14.917599960611131,0.7914701373872561,-0.4870727511508678
2026-08-05T06-13-39_tanh_32_23,200,100,5,tanh,32,1,2.2e-06,0.0021996,5.3e-06,0.0031014,3.3e-06,0.0025398,0.902350742309144,-0.0134633623555047,-15.691416513562029,0.7814753600727415,-0.3676570994312644
2026-08-05T06-13-39_tanh_32_24,200,100,5,tanh,32,1,1.2e-06,0.001634,1.3e-06,0.0018038,1.7e-06,0.0020131,0.9039089585139471,-0.0104157173135946,-14.181522340240614,0.7971065892920742,-0.295459071518917
2026-08-05T06-13-39_tanh_32_25,200,100,5,tanh,32,1,4.4e-06,0.0031517,4.9e-06,0.0033591,3.97e-05,0.0072971,0.8933497486038714,-0.0122524459113267,-15.767765437019936,0.786690827832795,-0.3650058562599223
2026-08-05T06-13-39_tanh_32_26,200,100,5,tanh,32,1,1.4e-06,0.0018417,1e-06,0.0016315,8e-07,0.0014099,0.9059832412487876,-0.015526712839776,-14.724747331713845,0.7856433698556062,-0.4895656831334855
2026-08-05T06-13-39_tanh_32_27,200,100,5,tanh,32,1,2.5e-06,0.0024319,6.8e-06,0.0033599,3.3e-06,0.0027827,0.9081861532942762,-0.0137078180654861,-15.043709706997594,0.7739876534053115,-1.0294652534079467
2026-08-05T06-13-39_tanh_32_28,200,100,5,tanh,32,1,4.7e-06,0.0032169,5.07e-05,0.0062395,1.25e-05,0.004536,0.9058196657244432,-0.0131967168929592,-15.2569051998311,0.7870890741434945,-0.2892823425037349
2026-08-05T06-13-39_tanh_32_29,200,100,5,tanh,32,1,2.2e-06,0.0021121,2.1e-06,0.0021653,2.4e-06,0.0023231,0.8960327642538667,-0.0096332541764775,-15.009394000586866,0.7984248974440808,-0.2974328704499451
2026-08-05T06-13-39_tanh_32_30,200,100,5,tanh,32,1,2.3e-06,0.0022298,5e-06,0.003225,2.7e-06,0.0024649,0.9048051127499852,-0.0090408699016473,-15.01004384451196,0.7960666829801251,-0.291298898605552
2026-08-05T06-13-39_tanh_32_31,200,100,5,tanh,32,1,2.7e-06,0.0024275,4.3e-06,0.0034032,1.64e-05,0.0043098,0.90346911214137,-0.0134483278109692,-14.103086247967871,0.8130539545700041,-0.4413828540756448
2026-08-05T06-13-39_tanh_32_32,200,100,5,tanh,32,1,2e-06,0.0020792,2.6e-06,0.0022953,1.05e-05,0.0031677,0.8976766594237813,-0.0182779333856211,-14.809303518925187,0.7884547491750744,-0.6214097429559723
2026-08-05T06-13-39_tanh_32_33,200,100,5,tanh,32,1,3.2e-06,0.0025105,9.6e-05,0.0074184,3.53e-05,0.0057786,0.902231610292772,-0.0106145417808506,-15.23097335589504,0.8135989578204711,-0.2868477711951794
2026-08-05T06-13-39_tanh_32_34,200,100,5,tanh,32,1,3e-06,0.00257,1.9e-06,0.0021678,3.5e-06,0.0029042,0.8982178347635033,-0.0178038404058163,-15.248649428606829,0.8018087566323905,-0.3518418095351711
2026-08-05T06-13-39_tanh_32_35,200,100,5,tanh,32,1,1.6e-06,0.0018997,3.2e-06,0.0025988,1.1e-06,0.0017044,0.9019547875308632,-0.0187666607507031,-15.268442452726768,0.7917634368754143,-0.3488945645982477
2026-08-05T06-13-39_tanh_32_36,200,100,5,tanh,32,1,2.2e-06,0.0021834,1.44e-05,0.0038507,8e-06,0.0037056,0.9102541782086504,-0.0084693452561304,-14.276294597128892,0.8012196130740918,-0.5295998789637857
2026-08-05T06-13-39_tanh_32_37,200,100,5,tanh,32,1,2.1e-06,0.0021696,2.4e-06,0.0024873,2.13e-05,0.0046217,0.896075539391501,-0.0143053430640458,-14.419209546260884,0.774668232175799,-0.4767858375324257
2026-08-05T06-13-39_tanh_32_38,200,100,5,tanh,32,1,2.3e-06,0.0023566,1.45e-05,0.0036751,0.0001176,0.0076446,0.8983669358085761,-0.0100850873225546,-15.271765843997366,0.7892945888650843,-0.7593574404150517
2026-08-05T06-13-39_tanh_32_39,200,100,5,tanh,32,1,1.9e-06,0.0020687,1.5e-06,0.0019997,2.3e-06,0.0023748,0.90768226558591,-0.0143428175271064,-14.64713532540409,0.8125296718229233,-0.3883521914621035
2026-08-05T06-13-39_tanh_32_40,200,100,5,tanh,32,1,2.8e-06,0.0024822,2.26e-05,0.0052864,1.09e-05,0.0048692,0.8383848160228051,-0.0062706884317583,-15.159487807286975,0.7816666329312996,-0.3330747039279258
2026-08-05T06-13-39_tanh_32_41,200,100,5,tanh,32,1,3e-06,0.0026341,4.5e-06,0.0032666,7.1e-06,0.0040666,0.9129333355828628,-0.0157365827632702,-14.857161834905488,0.8067431152011315,-0.281249430799706
2026-08-05T06-13-39_tanh_32_42,200,100,5,tanh,32,1,2.9e-06,0.0025843,2.5e-06,0.0023921,6.9e-06,0.0037214,0.906690064938091,-0.0138635228725791,-15.21311367875999,0.7963112660097538,-0.2743643990574041
2026-08-05T06-13-39_tanh_32_43,200,100,5,tanh,32,1,2.3e-06,0.0022864,4.5e-06,0.0031229,5.7e-06,0.0032534,0.9021711965062248,-0.0131317264694698,-14.541654470635782,0.8061882598211255,-0.283396625527036
2026-08-05T06-13-39_tanh_32_44,200,100,5,tanh,32,1,2.2e-06,0.0022537,2.2e-06,0.0023019,3.2e-06,0.002599,0.9005878370393514,-0.0085718132418717,-14.4327422430394,0.8139035433012672,-0.5898228489352192
2026-08-05T06-13-39_tanh_32_45,200,100,5,tanh,32,1,3.6e-06,0.0029153,4.99e-05,0.0072958,1.09e-05,0.0038072,0.907478883019124,-0.0172711804921877,-15.01359739894978,0.8045485617208445,-0.3451734324077243
2026-08-05T06-13-39_tanh_32_46,200,100,5,tanh,32,1,2.1e-06,0.0022185,4.27e-05,0.0053949,2.4e-06,0.0025192,0.8924145080119741,-0.0040842748284412,-14.523550498910335,0.7990405831905573,-0.3718864307706725
2026-08-05T06-13-39_tanh_32_47,200,100,5,tanh,32,1,3.5e-06,0.0027668,1.2e-05,0.0044411,4.5e-06,0.0033513,0.9078391415433048,-0.0062120727262229,-15.193972773932476,0.7428263733955207,-0.6783017838285743
2026-08-05T06-13-39_tanh_32_48,200,100,5,tanh,32,1,5.4e-06,0.0031416,5.9e-06,0.0034126,4.3e-06,0.0031103,0.8895256260729424,0.0018239362086746,-13.954544813885263,0.7933369580705367,-0.5895538821126189
2026-08-05T06-13-39_tanh_32_49,200,100,5,tanh,32,1,2.4e-06,0.0022249,4e-06,0.0027788,5.96e-05,0.0081363,0.9000057962070601,-0.0161576820755918,-14.880124065982944,0.7917597692876293,-0.2929531380807298
2026-08-05T06-13-39_tanh_32_50,200,100,5,tanh,32,1,2.3e-06,0.0022995,3.2e-06,0.0026453,4.47e-05,0.0057526,0.9026368485531198,-0.0122379747920689,-14.42252036016014,0.800259598162522,-0.2830873037558473
2026-08-05T06-13-39_tanh_32_51,200,100,5,tanh,32,1,1.5e-06,0.0018436,4.1e-06,0.003048,3.7e-06,0.0026959,0.9041258187707608,-0.014552873048594,-14.496253909009845,0.795731303365263,-0.4574816498132323
2026-08-05T06-13-39_tanh_32_52,200,100,5,tanh,32,1,2e-06,0.0021122,1.6e-06,0.0019384,1.29e-05,0.0048625,0.9064583009317289,-0.012058489964522,-14.34292024895527,0.8041896742225265,-0.3734227323083483
2026-08-05T06-13-39_tanh_32_53,200,100,5,tanh,32,1,2e-06,0.0022064,3.1e-06,0.0027854,3.9e-06,0.0032347,0.9055753333818616,-0.0119528169033337,-14.963381283093296,0.7750311913208865,-0.5053021525511603
2026-08-05T06-13-39_tanh_32_54,200,100,5,tanh,32,1,1.8e-06,0.0020266,2.5e-06,0.0023611,2e-06,0.0021484,0.8958580553081609,-0.0087284550626523,-14.15355067294288,0.7918632739661334,-0.3866055170699988
2026-08-05T06-13-39_tanh_32_55,200,100,5,tanh,32,1,1.1e-06,0.0014769,7e-07,0.0012077,1e-06,0.0015306,0.8949342063569554,-0.0149164804733379,-15.11350547495347,0.7912833519882839,-0.4586239611632779
2026-08-05T06-13-39_tanh_32_56,200,100,5,tanh,32,1,1.7e-06,0.0019981,2.94e-05,0.0045149,1.5e-06,0.0018581,0.9024860337071546,-0.0068006603321595,-15.101191718858823,0.798302987437037,-0.2992463506975339
2026-08-05T06-13-39_tanh_32_57,200,100,5,tanh,32,1,2.2e-06,0.0020616,3.87e-05,0.005709,3.4e-06,0.0029389,0.8957275249833213,-0.0180048853521211,-14.709863132275396,0.8030325497895223,-0.5975099185670156
2026-08-05T06-13-39_tanh_32_58,200,100,5,tanh,32,1,1.1e-06,0.0015645,3.2e-06,0.0023444,2.2e-06,0.0020496,0.8925991132109132,-0.0063499363917548,-15.14540357175775,0.795746340207504,-0.4383632579292983
2026-08-05T06-13-39_tanh_32_59,200,100,5,tanh,32,1,1.9e-06,0.0020289,2.6e-06,0.00222,8.1e-06,0.0033117,0.9083974578353706,-0.016729835358632,-14.503696816967857,0.7877677378695951,-0.5425040866566572
2026-08-05T06-13-39_tanh_32_60,200,100,5,tanh,32,1,5e-06,0.0034176,8.9e-06,0.0048162,9.8e-06,0.004174,0.9026643657888936,-0.0107679234008073,-14.526739773401523,0.7941940850263278,-0.2663638863674494
2026-08-05T06-13-39_tanh_32_61,200,100,5,tanh,32,1,2.6e-06,0.0023438,2.7e-06,0.0022935,3.2e-06,0.0025814,0.9005453230127284,-0.0056685276787874,-15.17262797460871,0.7550401358450164,-0.4464394245638419
2026-08-05T06-13-39_tanh_32_62,200,100,5,tanh,32,1,3e-06,0.0026198,4.7e-06,0.0033583,1.11e-05,0.0042233,0.9059992794263204,-0.0078594703220854,-13.844528815133373,0.8052039767557003,-0.3757903983363159
2026-08-05T06-13-39_tanh_32_63,200,100,5,tanh,32,1,2.5e-06,0.0023222,1.5e-06,0.0017776,2.2e-06,0.002246,0.900934366143702,-0.0102534243768421,-15.262504978207716,0.7908968704469024,-0.3221219012004378
2026-08-05T06-13-39_tanh_32_64,200,100,5,tanh,32,1,1.6e-06,0.0019589,7.8e-06,0.0033731,2.6e-06,0.0022689,0.8974443403328574,-0.0084818788776081,-15.618987089568549,0.7670494837276887,-0.4611828287585668
2026-08-05T06-13-39_tanh_32_65,200,100,5,tanh,32,1,3.5e-06,0.002805,6.2e-06,0.0039165,4.8e-06,0.0032899,0.8947695079198272,-0.0086089611049683,-14.448808773300131,0.8075707012461708,-0.2903895743989897
2026-08-05T06-13-39_tanh_32_66,200,100,5,tanh,32,1,3.1e-06,0.002616,4.9e-06,0.0032126,9.8e-06,0.003634,0.9058975024476577,-0.013336287733308,-14.693463544173762,0.7948107115519127,-0.2680054438438745
2026-08-05T06-13-39_tanh_32_67,200,100,5,tanh,32,1,1.4e-06,0.0017547,8e-07,0.0013697,1.5e-06,0.0019669,0.9113025286537364,-0.0110440584263364,-14.049095214493608,0.7932588011206885,-0.3074947722468373
2026-08-05T06-13-39_tanh_32_68,200,100,5,tanh,32,1,2.8e-06,0.0024808,3.54e-05,0.0067141,4.64e-05,0.0065929,0.8953485614922048,-0.0109337787488674,-14.52081996023107,0.7988406939191675,-0.6995875381205646
2026-08-05T06-13-39_tanh_32_69,200,100,5,tanh,32,1,2.6e-06,0.0024866,3.9e-06,0.0031037,3.7e-06,0.0030381,0.902157317256416,-0.0126953881996029,-14.947381953656611,0.7959252672406348,-0.413636859433048
2026-08-05T06-13-39_tanh_32_70,200,100,5,tanh,32,1,2.6e-06,0.0024182,1.4e-05,0.0042722,2e-06,0.0021782,0.9020715713418632,-0.0098356468046878,-15.196902545990634,0.8111278428264465,-0.3319327606906347
2026-08-05T06-13-39_tanh_32_71,200,100,5,tanh,32,1,3e-06,0.0025099,3.15e-05,0.0064441,3.9e-06,0.0030525,0.9055929329770382,-0.0127066808742938,-15.473155925231618,0.7703353077914846,-0.3783941664434803
2026-08-05T06-13-39_tanh_32_72,200,100,5,tanh,32,1,3.8e-06,0.002806,2.33e-05,0.0053128,2.12e-05,0.0050803,0.909624365787696,-0.0115231758201124,-15.036641717078648,0.7798413209437072,-0.5601434920269155
2026-08-05T06-13-39_tanh_32_73,200,100,5,tanh,32,1,2.7e-06,0.0024458,2e-06,0.0022472,2.2e-06,0.0024047,0.9005023178759328,-0.0109068714208103,-14.428609661213182,0.7960777310764134,-0.5166585041568544
2026-08-05T06-13-39_tanh_32_74,200,100,5,tanh,32,1,2.4e-06,0.0022746,3e-06,0.0026429,6.59e-05,0.0068917,0.9028927943425014,-0.010988979012843,-15.175239291795824,0.8033046968035592,-0.372094598013748
2026-08-05T06-13-39_tanh_32_75,200,100,5,tanh,32,1,1.8e-06,0.0019667,2.6e-06,0.0025591,3.45e-05,0.0047092,0.894375806668301,-0.0149348750786558,-15.484834548567918,0.8028426157854343,-0.3342939371450376
2026-08-05T06-13-39_tanh_32_76,200,100,5,tanh,32,1,2.6e-06,0.0024404,3.9e-05,0.0042576,3.8e-06,0.0027857,0.90121240529774,-0.0067687020007064,-15.016418814838858,0.7941374336316345,-0.278341787809922
2026-08-05T06-13-39_tanh_32_77,200,100,5,tanh,32,1,3.4e-06,0.0027633,1.9e-06,0.0020851,2.7e-06,0.0026582,0.9017215184300538,-0.0142273632027243,-14.966610919864449,0.7888028896285019,-0.4273283611200558
2026-08-05T06-13-39_tanh_32_78,200,100,5,tanh,32,1,1.4e-06,0.0017632,2.8e-06,0.0024053,2.3e-06,0.002303,0.9028657936694108,-0.013339914019111,-14.318578427951213,0.7952910829734252,-0.3232601929447082
2026-08-05T06-13-39_tanh_32_79,200,100,5,tanh,32,1,2.2e-06,0.0021876,1.26e-05,0.004159,7.7e-06,0.0036199,0.8962615206617943,-0.0107041547155739,-14.323917624205697,0.8045631604026898,-0.4255899088934223
2026-08-05T06-13-39_tanh_32_80,200,100,5,tanh,32,1,2.4e-06,0.002228,3.86e-05,0.005172,4.32e-05,0.0056021,0.9033728089476504,-0.0148257547213912,-15.20966405193631,0.7785537524290694,-0.3404342448821884
2026-08-05T06-13-39_tanh_32_81,200,100,5,tanh,32,1,2.1e-06,0.0021245,7e-06,0.003002,0.0002505,0.0129963,0.8950811982142423,-0.0067760491867917,-15.322222468082623,0.7825731334386685,-0.3953769077052455
2026-08-05T06-13-39_tanh_32_82,200,100,5,tanh,32,1,3.6e-06,0.0028755,9.92e-05,0.0083715,4.3e-06,0.0033107,0.8974570686319867,-0.0120570616250753,-14.95766890362663,0.7890837593705322,-0.38853397048492
2026-08-05T06-13-39_tanh_32_83,200,100,5,tanh,32,1,1.5e-06,0.0018875,3.87e-05,0.0046463,5.6e-06,0.0025367,0.9005455734872738,-0.0146118947239008,-14.463466717825252,0.808710351252544,-0.5474325318406059
2026-08-05T06-13-39_tanh_32_84,200,100,5,tanh,32,1,3.8e-06,0.0028522,2.6e-06,0.0025132,3.9e-06,0.0029639,0.8913679586913343,-0.0042434229428817,-14.708852343938496,0.8103162942522066,-0.3429598984155385
2026-08-05T06-13-39_tanh_32_85,200,100,5,tanh,32,1,1.9e-06,0.0019871,1.8e-06,0.0020906,8.3e-06,0.0030476,0.9026822762613248,-0.010395849530987,-14.834506598772986,0.7948274514966189,-0.4011221918877073
2026-08-05T06-13-39_tanh_32_86,200,100,5,tanh,32,1,1.6e-06,0.0019226,1.48e-05,0.0039428,2.18e-05,0.0050947,0.9087457004576118,-0.0129252982464689,-15.03144112498876,0.7797636250987746,-0.3620924387598379
2026-08-05T06-13-39_tanh_32_87,200,100,5,tanh,32,1,1.4e-06,0.0017271,8.19e-05,0.008282,0.0001722,0.0086383,0.8966526648361075,-0.0102504395005103,-15.40461133588644,0.794997864712417,-0.3711800709757518
2026-08-05T06-13-39_tanh_32_88,200,100,5,tanh,32,1,3.6e-06,0.0028079,6.2e-06,0.0036638,2.5e-06,0.0026139,0.9023208925139756,-0.0133808696254893,-15.481293819101612,0.7703630248113101,-0.5357389468631181
2026-08-05T06-13-39_tanh_32_89,200,100,5,tanh,32,1,3.6e-06,0.0027846,2.7e-06,0.0024931,4.4e-06,0.0029547,0.90807002358036,-0.017388810668121,-14.730444106497874,0.794427768300568,-0.4261524806999689
2026-08-05T06-13-39_tanh_32_90,200,100,5,tanh,32,1,2.7e-06,0.0024177,2.1e-06,0.0023053,2.9e-06,0.0026875,0.8961432841316869,-0.0091290464928653,-14.402517764628149,0.7945691620702002,-0.7598499581050533
2026-08-05T06-13-39_tanh_32_91,200,100,5,tanh,32,1,1.5e-06,0.001782,1e-06,0.0014919,2e-06,0.0020088,0.9018450846499856,-0.0105342534602695,-14.879398771505256,0.8102513134255183,-0.3247665256097204
2026-08-05T06-13-39_tanh_32_92,200,100,5,tanh,32,1,1.9e-06,0.0020514,4.5e-06,0.0030502,6e-06,0.0029516,0.9030474209856594,-0.0107184524416836,-14.11486863746804,0.8149569369652309,-0.4036965506767475
2026-08-05T06-13-39_tanh_32_93,200,100,5,tanh,32,1,3.2e-06,0.0026378,1.63e-05,0.0048925,2.59e-05,0.0054291,0.8981195784111897,-0.0022061876895068,-14.370675962068855,0.7983723030351986,-0.5598621717430614
2026-08-05T06-13-39_tanh_32_94,200,100,5,tanh,32,1,2.4e-06,0.0023034,2.8e-06,0.0026192,4.6e-06,0.0030849,0.9026817765417152,-0.0061854353935163,-14.985184545851912,0.7802552630671815,-0.2485666956052568
2026-08-05T06-13-39_tanh_32_95,200,100,5,tanh,32,1,3.3e-06,0.0027883,4.3e-06,0.0030138,2.7e-06,0.0026436,0.9059665760583896,-0.0135531649022376,-14.482033748850544,0.7995250783919754,-0.283113438569016
2026-08-05T06-13-39_tanh_32_96,200,100,5,tanh,32,1,2.4e-06,0.002325,4e-06,0.0032265,9.1e-06,0.0041335,0.9009100261191362,-0.0079809871393974,-14.695957170828503,0.7974868256650752,-0.3041636503680028
2026-08-05T06-13-39_tanh_32_97,200,100,5,tanh,32,1,2.7e-06,0.0023671,1.48e-05,0.0041827,3.8e-06,0.0024463,0.8992810224067815,-0.0094768997542093,-14.040886105314542,0.7907084421124967,-0.3992301700848455
2026-08-05T06-13-39_tanh_32_98,200,100,5,tanh,32,1,2.8e-06,0.0024958,1.42e-05,0.0045163,7.8e-06,0.0039756,0.8946563989671089,-0.0088842640405785,-15.349582999277825,0.7757481584091159,-1.000521078268442
2026-08-05T06-13-39_tanh_32_99,200,100,5,tanh,32,1,1.7e-06,0.001973,4.4e-06,0.0027047,7.09e-05,0.0060428,0.9115561589709352,-0.0120623229306424,-15.2947974029988,0.7767325836703654,-0.298555329375082
2026-08-05T06-13-39_tanh_32_100,200,100,5,tanh,32,1,4e-06,0.002909,4.4e-06,0.0033246,4.7e-06,0.0035034,0.9052592486253992,-0.0092190556048265,-14.647839847972914,0.8132905156447416,-0.3007772313623086
2026-08-05T16-20-44_softplus_4_1,200,100,5,softplus,4,1,0.0025179,0.0755566,0.0022436,0.0732049,0.0018007,0.069138,0.7200750003342016,-0.0150916515002861,-16.717945765338087,0.6403097860355407,-1.4831091147984758
2026-08-05T16-20-44_softplus_4_2,200,100,5,softplus,4,1,0.0040009,0.0873311,0.0043799,0.0991418,0.0064982,0.1117029,0.1605147956797856,-0.0238873313671117,-12.325690308717409,0.8297523678988113,-0.2790108758568821
2026-08-05T16-20-44_softplus_4_3,200,100,5,softplus,4,1,0.0015356,0.0605029,0.0010243,0.0492473,0.0012433,0.055956,0.6565461289276654,-0.0098062176556509,-16.268895847145878,0.6588718050584295,-2.751007010832434
2026-08-05T16-20-44_softplus_4_4,200,100,5,softplus,4,1,0.0024686,0.0714819,0.0045434,0.0999705,0.0035749,0.0880957,0.473652579954608,-0.0051867803974713,-12.447313446348144,0.6385009199660562,-2.7056504192558366
2026-08-05T16-20-44_softplus_4_5,200,100,5,softplus,4,1,0.0018971,0.0643783,0.0038884,0.0834624,0.0030669,0.0815829,0.7817468524636959,-0.0058114398530641,-14.456788631307742,0.6505935169921112,-2.0944361070916826
2026-08-05T16-20-44_softplus_4_6,200,100,5,softplus,4,1,0.0011191,0.0468774,0.0020813,0.0645814,0.0009554,0.0463578,0.8345413727560318,-0.003577813025023,-15.344547584936484,0.6636857491165009,-2.208887630070933
2026-08-05T16-20-44_softplus_4_7,200,100,5,softplus,4,1,0.0009492,0.0429412,0.0009404,0.0412171,0.0007875,0.0403141,0.8550941111645602,-0.0090993780896605,-14.349315576300835,0.7608189910407096,-0.706709464463548
2026-08-05T16-20-44_softplus_4_8,200,100,5,softplus,4,1,0.0046761,0.104494,0.0111171,0.1355435,0.0077127,0.1374877,0.4572905699746859,-0.013728562064851,-18.053614426840745,0.6051141644744092,-1.165409310891777
2026-08-05T16-20-44_softplus_4_9,200,100,5,softplus,4,1,0.0017512,0.0630667,0.004016,0.0859299,0.0013374,0.0579191,0.7097741322780122,-0.0101884765361338,-13.76615035957346,0.7751954439765639,-0.5996371474826334
2026-08-05T16-20-44_softplus_4_10,200,100,5,softplus,4,1,0.0021007,0.066741,0.0017081,0.0622803,0.0023102,0.0672033,0.849247945990979,-0.0090726194329288,-15.251187014361154,0.6708195207006732,-1.3921892447983075
2026-08-05T16-20-44_softplus_4_11,200,100,5,softplus,4,1,0.0024207,0.0710333,0.0048843,0.0881966,0.0013968,0.0555582,0.7138932315586732,-0.0078271198283711,-18.25974031916713,0.7019510331323046,-1.6153941054758056
2026-08-05T16-20-44_softplus_4_12,200,100,5,softplus,4,1,0.0037715,0.083549,0.0033051,0.0864941,0.0026114,0.0763787,0.4043663450998166,-0.0173461340315282,-13.075518163754676,0.78506738852904,-0.5881246477460705
2026-08-05T16-20-44_softplus_4_13,200,100,5,softplus,4,1,0.0055456,0.1008674,0.0045756,0.1081085,0.0049778,0.1121701,0.3589979950427386,-0.0152288666555414,-12.534721028728546,0.8212390998302969,-0.2976161542149613
2026-08-05T16-20-44_softplus_4_14,200,100,5,softplus,4,1,0.0029357,0.0790105,0.0041284,0.0897456,0.0024546,0.0733956,0.4752987883080005,-0.0055636877967916,-15.7170278359004,0.5432095706923495,-2.9184129138636195
2026-08-05T16-20-44_softplus_4_15,200,100,5,softplus,4,1,0.0010728,0.0457262,0.0007326,0.0376471,0.0020738,0.0675008,0.8261323393907538,-0.0010194015779788,-14.674841578196776,0.6923402898620398,-1.5291296035318258
2026-08-05T16-20-44_softplus_4_16,200,100,5,softplus,4,1,0.0011249,0.0481978,0.0010177,0.0443693,0.0011759,0.0517718,0.8077250850586687,-0.0082427553853882,-16.05080186043874,0.7260378114190905,-1.4991413185949294
2026-08-05T16-20-44_softplus_4_17,200,100,5,softplus,4,1,0.0019426,0.0659644,0.0025714,0.0774243,0.0017008,0.0661303,0.5198268296690722,-0.0071007128060953,-13.82064678287313,0.7080535643837624,-1.973191410471676
2026-08-05T16-20-44_softplus_4_18,200,100,5,softplus,4,1,0.0018569,0.0613683,0.0006778,0.0406065,0.0016866,0.0632198,0.8761200465420979,-0.0044848671396575,-15.20427436591324,0.7075539355402551,-1.4090319061889287
2026-08-05T16-20-44_softplus_4_19,200,100,5,softplus,4,1,0.0016847,0.055534,0.0012977,0.0501656,0.002377,0.0745204,0.9268112784549932,-0.0026901568577124,-15.552513425521049,0.5908095525262047,-3.80440484329004
2026-08-05T16-20-44_softplus_4_20,200,100,5,softplus,4,1,0.0016603,0.0606786,0.0028377,0.073598,0.0006203,0.0404193,0.761822689761402,-0.0130042264748994,-15.02119666772507,0.7598695586785207,-0.5286867718542693
2026-08-05T16-20-44_softplus_4_21,200,100,5,softplus,4,1,0.0131255,0.1633973,0.0082298,0.1409932,0.0359515,0.2484313,-0.0508938868153895,-0.0483454986752215,-7.987075484803209,0.8976936212939444,-0.0168137879522711
2026-08-05T16-20-44_softplus_4_22,200,100,5,softplus,4,1,0.0035889,0.0880636,0.0042025,0.0954675,0.002696,0.0762315,0.5240830224846366,-0.0067739024766256,-17.83172657675493,0.569877962008647,-2.1831262096025763
2026-08-05T16-20-44_softplus_4_23,200,100,5,softplus,4,1,0.0016011,0.056614,0.0016229,0.0577092,0.0023037,0.0713373,0.8296334658944036,-0.0049361566822758,-15.821853340223772,0.6668132640429179,-1.6404471224183144
2026-08-05T16-20-44_softplus_4_24,200,100,5,softplus,4,1,0.0012941,0.0527742,0.0007929,0.0442837,0.0006723,0.038905,0.8412629512985207,-0.0063798833584095,-15.061002071347946,0.6766705858614458,-2.1794415443725144
2026-08-05T16-20-44_softplus_4_25,200,100,5,softplus,4,1,0.002478,0.0696174,0.0023623,0.070502,0.0032989,0.0772946,0.7077326859189611,-0.0007115147435191,-14.89316012916602,0.6482926621033005,-2.284909266419512
2026-08-05T16-20-44_softplus_4_26,200,100,5,softplus,4,1,0.0012605,0.0502823,0.0007272,0.0434767,0.0014868,0.0489902,0.8755853773157162,-0.0028935151187777,-15.983032434288086,0.6985497841269461,-1.459411080303803
2026-08-05T16-20-44_softplus_4_27,200,100,5,softplus,4,1,0.0016319,0.0572229,0.0008858,0.0453079,0.0006904,0.0420025,0.8142267346910653,-0.0041864328046267,-16.466586697893568,0.6444226908878024,-2.061675132765779
2026-08-05T16-20-44_softplus_4_28,200,100,5,softplus,4,1,0.0016279,0.05616,0.0026208,0.0636344,0.0023768,0.0657797,0.8166579582490904,-0.0036954070138419,-15.193525619105708,0.7061428263969989,-1.576437995771101
2026-08-05T16-20-44_softplus_4_29,200,100,5,softplus,4,1,0.0022658,0.0695108,0.0010607,0.047874,0.0017372,0.0612959,0.7728988224586064,-0.0035279929165966,-16.29185089879091,0.604244904391938,-2.3301722870289496
2026-08-05T16-20-44_softplus_4_30,200,100,5,softplus,4,1,0.0023997,0.072056,0.0018505,0.0674194,0.0032906,0.0849075,0.6999423685597637,-0.0046509932797815,-16.14091435938958,0.6094661621881634,-2.1302502553390754
2026-08-05T16-20-44_softplus_4_31,200,100,5,softplus,4,1,0.001693,0.0649752,0.0014454,0.0601235,0.0035451,0.0858727,0.8211900877606633,-0.0033332301610989,-15.771096460372991,0.6498441863720645,-1.968505123091526
2026-08-05T16-20-44_softplus_4_32,200,100,5,softplus,4,1,0.0010538,0.046509,0.0014016,0.0515958,0.0028395,0.0644555,0.790406708217693,-0.0065702528669659,-14.965530645277886,0.7068503051850145,-1.540379399422663
2026-08-05T16-20-44_softplus_4_33,200,100,5,softplus,4,1,0.0044662,0.0951293,0.0039046,0.0990011,0.0093257,0.1450946,0.3239078434386336,-0.0150368841144152,-12.463694561048865,0.8270715804910707,-0.2548076101199803
2026-08-05T16-20-44_softplus_4_34,200,100,5,softplus,4,1,0.0010234,0.0482982,0.0004857,0.03408,0.0014848,0.0580286,0.7416540221697033,-0.0083560054834339,-16.246098615034434,0.7053597096730871,-1.67909594870358
2026-08-05T16-20-44_softplus_4_35,200,100,5,softplus,4,1,0.0036852,0.0882596,0.0023877,0.0749433,0.0021635,0.0710094,0.5192122331112838,-0.0107963923509014,-13.144470035031812,0.8127554555844243,-0.3597889531679332
2026-08-05T16-20-44_softplus_4_36,200,100,5,softplus,4,1,0.0009027,0.0448034,0.0008928,0.043361,0.0029609,0.0666332,0.8573172703381108,0.0006744378067428,-14.926959087207807,0.726727009007482,-1.2135636704756907
2026-08-05T16-20-44_softplus_4_37,200,100,5,softplus,4,1,0.0016393,0.0591558,0.0013763,0.0555405,0.0019785,0.0627182,0.8379919533550557,-0.0049568058558998,-15.485988963137606,0.6495256977378114,-2.8645113333417043
2026-08-05T16-20-44_softplus_4_39,200,100,5,softplus,4,1,0.0013566,0.0512224,0.0012525,0.053328,0.0010507,0.0428842,0.8314727231055461,-0.0032235443859035,-15.188482539565497,0.7159152983198337,-1.2797144203904178
2026-08-05T16-20-44_softplus_4_40,200,100,5,softplus,4,1,0.002466,0.0700549,0.0028473,0.0678637,0.0008627,0.0461795,0.902268085762733,-0.0009147593557057,-12.432325318579938,0.8018069105388032,-0.5240918185775012
2026-08-05T16-20-44_softplus_4_41,200,100,5,softplus,4,1,0.0120671,0.1643599,0.0091564,0.150607,0.0180149,0.2097512,1.7875451077460809,-0.4988441881283939,-20.972745205413396,2.843505341262115e-06,-36.305934979593474
2026-08-05T16-20-44_softplus_4_42,200,100,5,softplus,4,1,0.0053732,0.1067007,0.0060748,0.1185522,0.0063149,0.1259738,0.0827260166308898,-0.0290100949915383,-13.29509699474497,0.7838704502661875,-0.452090566984732
2026-08-05T16-20-44_softplus_4_43,200,100,5,softplus,4,1,0.0028158,0.0748664,0.0040894,0.0987793,0.0023314,0.0707036,0.6262390100772752,0.0077769643534164,-15.81744913496342,0.5394075124200456,-3.549954573928919
2026-08-05T16-20-44_softplus_4_44,200,100,5,softplus,4,1,0.0070461,0.1177878,0.0060419,0.1227895,0.0087202,0.1392687,0.0079889064924564,-0.4143628590981042,-12.965713892981446,0.7610787430753497,-0.5765290088274316
2026-08-05T16-20-44_softplus_4_45,200,100,5,softplus,4,1,0.0012473,0.0545866,0.0024085,0.0655993,0.0013535,0.052103,0.843760668052664,-0.0060491046323808,-16.276403123479863,0.7024989337240193,-2.3643033166097744
2026-08-05T16-20-44_softplus_4_46,200,100,5,softplus,4,1,0.0018936,0.0615737,0.00172,0.0643316,0.0015832,0.0624232,0.7580656433143445,-0.0029848702518477,-15.656624190654597,0.7019770874308786,-1.8144854142605709
2026-08-05T16-20-44_softplus_4_47,200,100,5,softplus,4,1,0.0026493,0.0728618,0.001204,0.0536803,0.0019132,0.0605602,0.634838916777539,-0.0108233299540252,-12.648882711786335,0.7957714450534679,-0.5156853316617743
2026-08-05T16-20-44_softplus_4_48,200,100,5,softplus,4,1,0.0052976,0.1003477,0.0040411,0.0924183,0.0030305,0.0841947,0.4411396012215002,-0.0114566176399369,-14.01827399813074,0.7457076629623752,-0.9459080069595606
2026-08-05T16-20-44_softplus_4_49,200,100,5,softplus,4,1,0.0009972,0.0453669,0.000911,0.0461411,0.0015527,0.0577115,0.8060199996014659,-0.013454337649427,-16.96098932241088,0.7057765314248181,-1.148258752321301
2026-08-05T16-20-44_softplus_4_50,200,100,5,softplus,4,1,0.0153861,0.178272,0.0111767,0.16122,0.0209171,0.2158751,0.2950164759184509,-0.0122601628822065,-8.828616750567251,0.8471432057220488,-0.5037330011333635
2026-08-05T16-20-44_softplus_4_51,200,100,5,softplus,4,1,0.0033183,0.0838311,0.0032083,0.0878937,0.002227,0.0763416,0.6863682768703204,-0.0011891328091385,-14.78984830467463,0.6574469705348972,-2.2191743130769934
2026-08-05T16-20-44_softplus_4_52,200,100,5,softplus,4,1,0.0019167,0.0642779,0.0020549,0.070098,0.0074962,0.1108396,0.8112634909723813,0.0009534823686379,-13.864037899473503,0.6305756970228051,-2.5672815318667697
2026-08-05T16-20-44_softplus_4_53,200,100,5,softplus,4,1,0.0073783,0.1244779,0.0104922,0.1405858,0.0061536,0.1204441,0.1796724446789128,-0.0289044692456004,-11.081826581396944,0.5607112717975722,-2.8213251321474213
2026-08-05T16-20-44_softplus_4_54,200,100,5,softplus,4,1,0.0025394,0.0746156,0.0043368,0.0852344,0.0018915,0.0692427,0.7991494432645971,-0.0010548907030939,-14.9616163963882,0.5708716565974296,-4.685547446529437
2026-08-05T16-20-44_softplus_4_55,200,100,5,softplus,4,1,0.002296,0.0632591,0.0016489,0.0482666,0.0019598,0.0587723,0.8458827404688556,-0.0028308463689456,-14.545341498880282,0.6643046375186471,-2.5069037810989334
2026-08-05T16-20-44_softplus_4_56,200,100,5,softplus,4,1,0.0062074,0.1139324,0.0132692,0.1536092,0.0045607,0.1010545,0.4684307206750072,-0.0040451899313665,-11.40903743184546,0.8123964622094088,-0.3700275324060831
2026-08-05T16-20-44_softplus_4_57,200,100,5,softplus,4,1,0.000881,0.0431046,0.0021803,0.0623267,0.0010549,0.0497275,0.8341156727848003,-0.0072915266432864,-14.675437190757378,0.7064049713092513,-1.6055898288761412
2026-08-05T16-20-44_softplus_4_58,200,100,5,softplus,4,1,0.0014531,0.0575843,0.0019944,0.0718133,0.0027817,0.0787332,0.855279214574721,-0.0025076337181933,-15.097392404960218,0.7083424158182308,-1.160723634065978
2026-08-05T16-20-44_softplus_4_59,200,100,5,softplus,4,1,0.0012388,0.0528841,0.0009362,0.0482285,0.0018364,0.0717704,0.8115881449824964,-0.006096844835625,-15.31068035164478,0.7323714707864263,-1.1136096639091004
2026-08-05T16-20-44_softplus_4_60,200,100,5,softplus,4,1,0.0013159,0.05024,0.0048448,0.0928387,0.0033988,0.065562,0.5539079327071748,-0.01010844051605,-14.442627903524096,0.7455316805189541,-1.3934191181945503
2026-08-05T16-20-44_softplus_4_61,200,100,5,softplus,4,1,0.0009079,0.0425527,0.0004906,0.0325091,0.0008074,0.0441796,0.8731111960400479,-0.0020975086154015,-15.02244185607041,0.7099609839726153,-1.2659613477380882
2026-08-05T16-20-44_softplus_4_62,200,100,5,softplus,4,1,0.002038,0.066896,0.0023859,0.0759335,0.001439,0.0567465,0.7822547818376975,0.0013217904942583,-14.894100856144885,0.6043731028501286,-2.506303008476301
2026-08-05T16-20-44_softplus_4_63,200,100,5,softplus,4,1,0.0028902,0.0798777,0.0021512,0.0708079,0.0019796,0.0680916,0.6969496971619227,-0.0016190278650705,-15.984576488644649,0.5620700557840528,-3.523949450664252
2026-08-05T16-20-44_softplus_4_64,200,100,5,softplus,4,1,0.0021718,0.072171,0.0054311,0.0939586,0.0027431,0.0856397,0.7274805223803786,-0.0074695997047499,-17.915685821919617,0.5952091254743974,-2.5059881612536103
2026-08-05T16-20-44_softplus_4_65,200,100,5,softplus,4,1,0.0009433,0.0421481,0.0008564,0.0466857,0.0008251,0.043692,0.9193477395956784,-0.009471915713341,-14.894294882613496,0.7255480732886342,-1.1978168229469437
2026-08-05T16-20-44_softplus_4_66,200,100,5,softplus,4,1,0.001492,0.0569893,0.0011091,0.0505129,0.0015553,0.0623489,0.7484168630319231,-0.0107805426373652,-14.614053613249586,0.7377225343974562,-1.5611648348852865
2026-08-05T16-20-44_softplus_4_67,200,100,5,softplus,4,1,0.0032719,0.0800068,0.0015523,0.0604524,0.0038162,0.0932861,0.4763909692732295,-0.0219951951901605,-12.510020514999477,0.7549217759773967,-0.802344124507019
2026-08-05T16-20-44_softplus_4_68,200,100,5,softplus,4,1,0.0060423,0.1206706,0.0071451,0.1306235,0.0053557,0.1024404,0.1610677306579976,-0.0144941405763909,-10.021734229079962,0.6625567824460903,-1.933479129648036
2026-08-05T16-20-44_softplus_4_69,200,100,5,softplus,4,1,0.0009091,0.0445831,0.0005009,0.0357772,0.0008187,0.0437839,0.8901072561002842,-0.0069956349503987,-15.552298474760272,0.7423674617576635,-0.8381611534508598
2026-08-05T16-20-44_softplus_4_70,200,100,5,softplus,4,1,0.0049944,0.1019697,0.0030741,0.0826592,0.0046881,0.1095408,0.0146015382944549,-0.1626985341779241,-12.900670607896256,0.6777507504211547,-1.3222686702645587
2026-08-05T16-20-44_softplus_4_71,200,100,5,softplus,4,1,0.0013852,0.0555521,0.0028267,0.0720552,0.0013224,0.0539581,0.8517695127043323,-0.0069262324879415,-16.06833857459921,0.6851409154306688,-1.575285548171697
2026-08-05T16-20-44_softplus_4_72,200,100,5,softplus,4,1,0.0038003,0.0849275,0.0044376,0.0958519,0.0102813,0.1292721,0.3706720515849582,-0.0069153502981012,-13.189900918239058,0.724543408127822,-1.2886834881817055
2026-08-05T16-20-44_softplus_4_73,200,100,5,softplus,4,1,0.0017399,0.0614195,0.0011687,0.0544535,0.0013603,0.0554282,0.7935928239139721,-0.0038623956760991,-14.626837436381484,0.6565887302730291,-2.4598492657917266
2026-08-05T16-20-44_softplus_4_74,200,100,5,softplus,4,1,0.0041719,0.0921568,0.0028299,0.0853767,0.016762,0.1686588,0.1676778760857264,-0.0198279992163413,-12.927923013363731,0.8060296136387152,-0.4312949406524108
2026-08-05T16-20-44_softplus_4_75,200,100,5,softplus,4,1,0.0031327,0.0824954,0.001452,0.0545629,0.0081411,0.0971474,0.712670555370207,-0.0052849600526709,-14.116690294561414,0.5920075567210661,-5.853012214141307
2026-08-05T16-20-44_softplus_4_76,200,100,5,softplus,4,1,0.0018502,0.0615592,0.0013558,0.0560284,0.0019839,0.069829,0.8404491391431025,-0.0048055230196354,-15.911533827817934,0.6568955509937745,-2.001301321682607
2026-08-05T16-20-44_softplus_4_77,200,100,5,softplus,4,1,0.0029543,0.0795004,0.0020823,0.0675861,0.0014543,0.059027,0.7171054008762756,-0.0021579790333979,-12.83217300483185,0.6894872850495203,-1.9791018074437412
2026-08-05T16-20-44_softplus_4_78,200,100,5,softplus,4,1,0.000736,0.0392001,0.0052366,0.0942041,0.0011999,0.0492797,0.7366994422226549,-0.0085881408536643,-15.49975912980291,0.7164333185429466,-1.7561291805381305
2026-08-05T16-20-44_softplus_4_79,200,100,5,softplus,4,1,0.0015949,0.0557784,0.0035851,0.084202,0.0035812,0.0852629,0.5404588315592107,-0.0059175727718203,-17.18719632601542,0.6851846960520873,-2.175489587393054
2026-08-05T16-20-44_softplus_4_80,200,100,5,softplus,4,1,0.0007071,0.0390135,0.000839,0.0441076,0.0008404,0.0413647,0.8115357969406467,-0.0051219379136144,-15.011752339321626,0.6958625952262126,-1.5468118659167502
2026-08-05T16-20-44_softplus_4_81,200,100,5,softplus,4,1,0.0013642,0.0544866,0.0015749,0.0574341,0.0027527,0.0786482,0.7911873043722284,-0.0060989116255137,-15.212761458569384,0.6929966016949276,-2.524231710249057
2026-08-05T16-20-44_softplus_4_82,200,100,5,softplus,4,1,0.0010284,0.0476584,0.0017793,0.0572697,0.0009064,0.0453294,0.7986468484212029,-0.0082486115819323,-16.516672167286536,0.6691138715777811,-1.8886209914885133
2026-08-05T16-20-44_softplus_4_83,200,100,5,softplus,4,1,0.0015822,0.0575625,0.008182,0.0933551,0.0018919,0.0637709,0.8163344585402248,-0.0147053950859611,-17.06550459335797,0.7076532600464123,-1.2933284238719551
2026-08-05T16-20-44_softplus_4_84,200,100,5,softplus,4,1,0.0025727,0.0733106,0.0008842,0.0477887,0.0020346,0.0732142,0.7927536687621259,-0.0045782942124605,-16.13359145157385,0.5664695426628705,-3.1787966853271774
2026-08-05T16-20-44_softplus_4_85,200,100,5,softplus,4,1,0.0028706,0.0788696,0.0017597,0.0663174,0.0041549,0.0909857,0.6033902295898034,-0.0107343231276393,-14.088898251114752,0.7423589820531632,-0.8824655937589698
2026-08-05T16-20-44_softplus_4_86,200,100,5,softplus,4,1,0.0098107,0.1485479,0.0196539,0.2046254,0.0235883,0.2178326,0.6837258813575209,-0.0068172731786215,-14.525978190046107,0.6597431982376241,-1.2874927103021585
2026-08-05T16-20-44_softplus_4_87,200,100,5,softplus,4,1,0.0027421,0.0810506,0.0094966,0.12066,0.0047031,0.0966704,0.6508685787582995,-0.0038974630380866,-17.595373682631696,0.5761299438947263,-2.585443828735059
2026-08-05T16-20-44_softplus_4_88,200,100,5,softplus,4,1,0.0026815,0.0769429,0.0020109,0.0716004,0.0018222,0.0711519,0.6729603163295084,-0.0037917660463079,-16.961442381269215,0.5524641990788108,-3.02935330180668
2026-08-05T16-20-44_softplus_4_89,200,100,5,softplus,4,1,0.0025756,0.0738943,0.0011734,0.0517374,0.0041672,0.0944702,0.636052758776502,-0.0029869261063206,-14.089138960400453,0.6190089083222573,-2.537876357593776
2026-08-05T16-20-44_softplus_4_90,200,100,5,softplus,4,1,0.0012023,0.052575,0.0007613,0.0411233,0.0010622,0.0516678,0.7601208122952202,-0.0058860429812934,-15.776369589293145,0.7006212573736235,-1.798139762086171
2026-08-05T16-20-44_softplus_4_91,200,100,5,softplus,4,1,0.0033597,0.0860511,0.0024079,0.0759729,0.0027406,0.0816453,0.5152222856486727,-0.005673025066591,-19.95990221856793,0.4446226185986418,-3.369300340617168
2026-08-05T16-20-44_softplus_4_92,200,100,5,softplus,4,1,0.002295,0.0731661,0.0038546,0.0882987,0.002009,0.0691635,0.7793815842943288,-0.0031749273971648,-15.184730680579326,0.5935678803821686,-4.03094632782016
2026-08-05T16-20-44_softplus_4_93,200,100,5,softplus,4,1,0.0027342,0.0750942,0.0099408,0.1169581,0.015515,0.1494238,0.3154950041351795,-0.0113549473082446,-15.557405651728956,0.6623205916709975,-1.3324119480400578
2026-08-05T16-20-44_softplus_4_94,200,100,5,softplus,4,1,0.0014527,0.0544915,0.0017418,0.0669451,0.0022544,0.0727572,0.7510394157969389,-0.0108136398536259,-14.40778825925033,0.7515719657405321,-0.6688889465591097
2026-08-05T16-20-44_softplus_4_95,200,100,5,softplus,4,1,0.0016792,0.0600213,0.0024397,0.0695203,0.0017096,0.0608422,0.7429231496865166,-0.0069249393248755,-16.67606147109041,0.7204327785098115,-1.0926953700436517
2026-08-05T16-20-44_softplus_4_96,200,100,5,softplus,4,1,0.0018782,0.0646285,0.0013077,0.0592769,0.0062313,0.0998522,0.6044742267113291,-0.000828850559763,-11.924390674035417,0.695650503067748,-1.2702621297319638
2026-08-05T16-20-44_softplus_4_97,200,100,5,softplus,4,1,0.005591,0.1122324,0.0079042,0.1264029,0.004662,0.105638,0.350169782568268,-0.0176361171233225,-8.032309092421462,0.8466791714335056,-0.4077067226829817
2026-08-05T16-20-44_softplus_4_98,200,100,5,softplus,4,1,0.0066063,0.1111827,0.0055349,0.1097315,0.0056852,0.1221291,0.0186255043922682,-0.1798180680277389,-7.194686321544717,0.6514151360259214,-1.8977095174313088
2026-08-05T16-20-44_softplus_4_99,200,100,5,softplus,4,1,0.0021709,0.0666165,0.0037634,0.0855478,0.0139008,0.1226558,0.738081163487703,-0.0049653020368837,-15.730348231339594,0.6374091748456413,-2.7040342646057303
2026-08-05T16-20-44_softplus_4_100,200,100,5,softplus,4,1,0.0014005,0.0550578,0.0009641,0.0479582,0.0015027,0.0606836,0.7741174691163353,-0.0027958702315583,-16.294640713168178,0.6609379459328695,-2.395375265298154
2026-08-06T10-03-05_softplus_8_1,200,100,5,softplus,8,1,1.73e-05,0.0060776,1.5e-05,0.0057484,1.83e-05,0.0063972,0.9009191953283664,-0.0137096049810111,-14.460571886670426,0.7983123496683198,-0.3062772159016264
2026-08-06T10-03-05_softplus_8_2,200,100,5,softplus,8,1,1.93e-05,0.0062598,2.18e-05,0.0069069,5.13e-05,0.0093122,0.9070229429395378,-0.0130291180072522,-15.196770718419549,0.7884878152130461,-0.3497599586794425
2026-08-06T10-03-05_softplus_8_3,200,100,5,softplus,8,1,1.41e-05,0.0056262,1.39e-05,0.0061255,1.6e-05,0.0058772,0.8984709969597804,-0.0034967982346823,-14.648763751725284,0.7955303895491352,-0.3254840619378558
2026-08-06T10-03-05_softplus_8_4,200,100,5,softplus,8,1,2.02e-05,0.0063088,5.36e-05,0.0093518,3.44e-05,0.0082243,0.9071414105708776,-0.0177632162955998,-15.695224255281122,0.7789919796688735,-0.2937197475153891
2026-08-06T10-03-05_softplus_8_5,200,100,5,softplus,8,1,2.48e-05,0.0074738,5.95e-05,0.0112264,6.48e-05,0.0114409,0.8946451164016945,-0.0085522026864106,-13.555394530183952,0.8010953279064201,-0.2847201597252413
2026-08-06T10-03-05_softplus_8_6,200,100,5,softplus,8,1,1.2e-05,0.0048629,1.03e-05,0.0048827,8.7e-06,0.0043709,0.8891418112789061,-0.0123559511059886,-13.767199611645164,0.8015717884155915,-0.3957182396757308
2026-08-06T10-03-05_softplus_8_7,200,100,5,softplus,8,1,3.23e-05,0.0080275,3.58e-05,0.0085755,2.96e-05,0.0078582,0.8990150580848825,-0.0144236506563911,-15.24493759251597,0.7757841471368099,-0.3359313248083861
2026-08-06T10-03-05_softplus_8_8,200,100,5,softplus,8,1,1.61e-05,0.005824,0.00016,0.012647,0.000118,0.0108217,0.897878955189546,-0.0109259344248309,-14.819563137214407,0.8030436776042305,-0.2882241718111605
2026-08-06T10-03-05_softplus_8_9,200,100,5,softplus,8,1,5.75e-05,0.0108296,8.2e-05,0.012958,4.28e-05,0.0091212,0.9044719771597683,-0.0190166267988312,-16.38630822978825,0.7809383924794681,-0.541208060859778
2026-08-06T10-03-05_softplus_8_10,200,100,5,softplus,8,1,1.37e-05,0.005168,9.6e-06,0.0044178,1.46e-05,0.0056901,0.8953812469425854,-0.0043191083213385,-14.502561735782695,0.7969709382766501,-0.2660934622810645
2026-08-06T10-03-05_softplus_8_11,200,100,5,softplus,8,1,1.54e-05,0.0056835,6.01e-05,0.0101329,1.58e-05,0.0060743,0.9059607119463748,-0.0089491111742435,-14.517321924879568,0.8040304425553831,-0.4404884644421585
2026-08-06T10-03-05_softplus_8_12,200,100,5,softplus,8,1,2.37e-05,0.0067398,2.08e-05,0.0064898,2.42e-05,0.0071192,0.8886565783988848,-0.015497719989955,-15.219884351573668,0.7886475269081635,-0.3165638658779524
2026-08-06T10-03-05_softplus_8_13,200,100,5,softplus,8,1,1.25e-05,0.0052017,1.61e-05,0.0062853,1.77e-05,0.0062384,0.891841859373913,-0.008351536032828,-14.344768025560612,0.7974749248452788,-0.3011382294388803
2026-08-06T10-03-05_softplus_8_14,200,100,5,softplus,8,1,1.06e-05,0.00466,1.05e-05,0.0051082,1.21e-05,0.005128,0.9040927046118362,-0.0096980360175018,-14.693109357118356,0.7960119454753796,-0.5362735970850551
2026-08-06T10-03-05_softplus_8_15,200,100,5,softplus,8,1,2.12e-05,0.0065509,1.83e-05,0.0061903,7.63e-05,0.0114674,0.8957423119311523,-0.0118127466848054,-14.690368171913748,0.782651294505366,-0.2622729402406004
2026-08-06T10-03-05_softplus_8_16,200,100,5,softplus,8,1,1.15e-05,0.0049689,1.09e-05,0.0049336,1.6e-05,0.004769,0.905285064248566,-0.0133647627284235,-14.731380821544008,0.7983557344451575,-0.2913629844110533
2026-08-06T10-03-05_softplus_8_17,200,100,5,softplus,8,1,2.58e-05,0.0075031,2.75e-05,0.0077091,3.56e-05,0.0084733,0.9078653173270228,-0.015870197099117,-14.54798590283866,0.8048791172946842,-0.3067846631315613
2026-08-06T10-03-05_softplus_8_18,200,100,5,softplus,8,1,1.97e-05,0.006116,1.45e-05,0.0058887,8.9e-06,0.004749,0.8968384984009946,-0.0127987855404558,-14.99470645295805,0.796077271284244,-0.2734326780286816
2026-08-06T10-03-05_softplus_8_19,200,100,5,softplus,8,1,1.02e-05,0.0045232,1.08e-05,0.0050575,1.23e-05,0.0055044,0.9085281465750998,-0.0177655882275757,-14.773753550862704,0.7948335252354893,-0.2995930290780541
2026-08-06T10-03-05_softplus_8_20,200,100,5,softplus,8,1,1.43e-05,0.0055345,3.28e-05,0.0083559,1.78e-05,0.0065956,0.8927721053972755,-0.010814123608583,-14.43843827475232,0.8016789901460729,-0.3106057880840979
2026-08-06T10-03-05_softplus_8_21,200,100,5,softplus,8,1,1.19e-05,0.0050294,9.2e-06,0.0044989,0.0001191,0.0110561,0.9063646819818344,-0.0167147829498363,-14.403919474842192,0.8022744487003847,-0.2847190709545255
2026-08-06T10-03-05_softplus_8_22,200,100,5,softplus,8,1,2.29e-05,0.0068603,1.89e-05,0.00682,1.72e-05,0.0062798,0.8821997302541176,0.0013064538441409,-14.66033300218782,0.8001070264629924,-0.3577776250709757
2026-08-06T10-03-05_softplus_8_23,200,100,5,softplus,8,1,1e-05,0.0046918,1.39e-05,0.0050685,1.5e-05,0.0054679,0.895952630406803,-0.0131745820031706,-14.630474515443575,0.8053214317331902,-0.2916102021773653
2026-08-06T10-03-05_softplus_8_24,200,100,5,softplus,8,1,7.9e-06,0.0041538,5.8e-06,0.0037659,5.8e-06,0.0034561,0.8957713018226204,-0.0088465932862255,-15.136316554689936,0.7855575663499982,-0.2999001501660614
2026-08-06T10-03-05_softplus_8_25,200,100,5,softplus,8,1,1.19e-05,0.0049625,1.97e-05,0.006045,3.21e-05,0.0082302,0.9018699324345132,-0.0138037022829576,-14.237370623561992,0.8045993347934417,-0.3796231994959909
2026-08-06T10-03-05_softplus_8_26,200,100,5,softplus,8,1,1.18e-05,0.0050827,7.8e-06,0.0043466,2.08e-05,0.0055765,0.909383126156908,-0.0171274735519953,-14.76931355279164,0.7953183100300416,-0.3465421677121183
2026-08-06T10-03-05_softplus_8_27,200,100,5,softplus,8,1,9.8e-06,0.0047238,9.3e-06,0.0047027,7.8e-06,0.0044015,0.9040676806452967,-0.0085663816041886,-14.728456338401006,0.7968299507168423,-0.2716499860664695
2026-08-06T10-03-05_softplus_8_28,200,100,5,softplus,8,1,1.89e-05,0.0062519,1.77e-05,0.0066355,4.3e-05,0.0080842,0.9026811829217116,-0.0085354407655475,-14.351072213385384,0.7851092933988439,-0.3128467139436147
2026-08-06T10-03-05_softplus_8_29,200,100,5,softplus,8,1,5.15e-05,0.0099834,4.81e-05,0.0105691,5.29e-05,0.0107071,0.9139176183020222,-0.0212912767997396,-15.512939259066968,0.7728651781035388,-0.37306176250603
2026-08-06T10-03-05_softplus_8_30,200,100,5,softplus,8,1,7.8e-06,0.0040407,1.15e-05,0.0051081,1.38e-05,0.005227,0.90004048895855,-0.0128437206873533,-14.548387688636822,0.7953852626522765,-0.2915732789349007
2026-08-06T10-03-05_softplus_8_31,200,100,5,softplus,8,1,1.36e-05,0.0055396,8.2e-06,0.004634,2.14e-05,0.0061325,0.8980400139830749,-0.0082261463524358,-14.481361338908238,0.8058210179197385,-0.3328800701007284
2026-08-06T10-03-05_softplus_8_32,200,100,5,softplus,8,1,1.52e-05,0.0056389,1.48e-05,0.0047137,2.73e-05,0.0066988,0.905089225966703,-0.0136333923650894,-14.398902673001636,0.8143304102625599,-0.2754705104406391
2026-08-06T10-03-05_softplus_8_33,200,100,5,softplus,8,1,8.2e-06,0.0040477,2.29e-05,0.005946,1.73e-05,0.0056501,0.9071152808894088,-0.0094118501534784,-14.991499216264874,0.7899811021566681,-0.268835803292799
2026-08-06T10-03-05_softplus_8_34,200,100,5,softplus,8,1,1.11e-05,0.0047913,4.9e-06,0.0034877,1.2e-05,0.0045378,0.904796468306132,-0.0093260518380864,-14.648349869242812,0.8004253792378593,-0.3098062193270062
2026-08-06T10-03-05_softplus_8_35,200,100,5,softplus,8,1,6.49e-05,0.0114503,5.67e-05,0.0113856,3.94e-05,0.0095969,0.754696563501344,-0.0176206832178971,-15.02097135506904,0.7999857264784449,-0.4525454142203656
2026-08-06T10-03-05_softplus_8_36,200,100,5,softplus,8,1,1.77e-05,0.0064422,4.5e-05,0.0086753,0.0001222,0.0119096,0.9036446425019876,-0.0119148224638822,-15.058559963962086,0.7940080447295592,-0.3259852491422904
2026-08-06T10-03-05_softplus_8_37,200,100,5,softplus,8,1,1e-05,0.0047287,1.23e-05,0.0053492,3.22e-05,0.0077863,0.882342400618087,-0.010534907200086,-14.918651341452447,0.7944696897651361,-0.3200293174181728
2026-08-06T10-03-05_softplus_8_38,200,100,5,softplus,8,1,1.03e-05,0.004589,1.28e-05,0.0049826,1.85e-05,0.005628,0.9012337972377734,-0.0060859857293936,-14.88599188432637,0.7973668504283569,-0.3043556317234542
2026-08-06T10-03-05_softplus_8_39,200,100,5,softplus,8,1,1.33e-05,0.0052391,1.09e-05,0.0052093,7.9e-06,0.0040462,0.907184575395372,-0.0126056849766543,-14.97482777487547,0.7970422183401269,-0.2976623237156461
2026-08-06T10-03-05_softplus_8_40,200,100,5,softplus,8,1,1.81e-05,0.0063832,2.36e-05,0.0071519,1.71e-05,0.006512,0.8940736489686559,-0.0105390830216338,-14.561371324340032,0.8057878201691064,-0.3007184921050004
2026-08-06T10-03-05_softplus_8_41,200,100,5,softplus,8,1,1.03e-05,0.0047338,1.2e-05,0.0051052,2.37e-05,0.0067657,0.902873451064602,-0.009586161310538,-14.806225610439608,0.7988926994661936,-0.3041515894675755
2026-08-06T10-03-05_softplus_8_42,200,100,5,softplus,8,1,5.7e-06,0.0033546,5.6e-06,0.0036705,2.25e-05,0.0063342,0.8941245769560014,-0.0052079768666556,-14.003461527090913,0.8114681772048232,-0.2908717337412542
2026-08-06T10-03-05_softplus_8_43,200,100,5,softplus,8,1,9.9e-06,0.0046649,1.01e-05,0.004541,1.26e-05,0.0054508,0.895939410216101,-0.0101225017509979,-13.945149151972185,0.8035691534040511,-0.3143987481985061
2026-08-06T10-03-05_softplus_8_44,200,100,5,softplus,8,1,9.8e-06,0.0044938,8.2e-06,0.0046065,7e-06,0.0042041,0.8945997230372097,-0.0079864627531116,-14.556275419820851,0.7908780366640763,-0.2776935540703878
2026-08-06T10-03-05_softplus_8_45,200,100,5,softplus,8,1,3.39e-05,0.008484,0.0001059,0.0107888,2.42e-05,0.006362,0.903701143661283,-0.0118386011544362,-15.62050428130414,0.7723596044893163,-0.3573484486676609
2026-08-06T10-03-05_softplus_8_46,200,100,5,softplus,8,1,3.21e-05,0.0081095,8.19e-05,0.0112213,3.05e-05,0.0080642,0.9109091728563776,-0.0162970117654462,-15.140390783727998,0.793448427618496,-0.2847528993844029
2026-08-06T10-03-05_softplus_8_47,200,100,5,softplus,8,1,1.31e-05,0.0051499,7.5e-06,0.0042916,1.4e-05,0.0053724,0.9068484753364644,-0.0180597934397093,-15.138128730985386,0.7907061845103157,-0.2676205361691152
2026-08-06T10-03-05_softplus_8_48,200,100,5,softplus,8,1,1.37e-05,0.0051307,1.18e-05,0.0053104,5.5e-06,0.0037442,0.8944688394207352,-0.0083384539682541,-15.045557292273577,0.7969412187243412,-0.3175544867737856
2026-08-06T10-03-05_softplus_8_49,200,100,5,softplus,8,1,2.06e-05,0.0063917,1.91e-05,0.0062544,0.0001501,0.0147311,0.9115114878252464,-0.0200708122446382,-15.362401130267674,0.7931701628138095,-0.344345167093848
2026-08-06T10-03-05_softplus_8_50,200,100,5,softplus,8,1,4.07e-05,0.0092046,0.0001429,0.0154113,0.0001007,0.0121294,0.9010781335488496,-0.0113242877978972,-15.613642823580056,0.7768491712529577,-0.3150505117057811
2026-08-06T10-03-05_softplus_8_51,200,100,5,softplus,8,1,1.34e-05,0.0055493,1.77e-05,0.0065274,1.25e-05,0.0054689,0.899294807519863,-0.0157368367556356,-14.63019453068966,0.7938172867724449,-0.2803431977882909
2026-08-06T10-03-05_softplus_8_52,200,100,5,softplus,8,1,1.99e-05,0.0065832,1.86e-05,0.0064517,0.0001379,0.0149127,0.8994890969411742,-0.0103454563537883,-15.085951480146012,0.7958883577004779,-0.3014317088561823
2026-08-06T10-03-05_softplus_8_53,200,100,5,softplus,8,1,1.52e-05,0.0056582,2.37e-05,0.0061037,1.44e-05,0.0052533,0.9009698945903736,-0.0104380808793364,-14.496034954745795,0.7972149296652706,-0.3749477558096131
2026-08-06T10-03-05_softplus_8_54,200,100,5,softplus,8,1,1e-05,0.0047318,1.18e-05,0.0045866,1.17e-05,0.0052629,0.8924823399452256,-0.0107039973381381,-14.500626732705118,0.8021090800742096,-0.276178872720963
2026-08-06T10-03-05_softplus_8_55,200,100,5,softplus,8,1,4.27e-05,0.0091446,1.78e-05,0.0058394,2.58e-05,0.0074899,0.900927161980804,-0.0142430538122028,-15.143981484696225,0.7790714218801292,-0.2979039309482645
2026-08-06T10-03-05_softplus_8_56,200,100,5,softplus,8,1,1.74e-05,0.0060475,7.25e-05,0.0097451,1.7e-05,0.006502,0.903533727735074,-0.0088378538265981,-14.2203618456766,0.8074865125592398,-0.319061480293884
2026-08-06T10-03-05_softplus_8_57,200,100,5,softplus,8,1,1.04e-05,0.0043957,4.52e-05,0.0082702,8.5e-06,0.0041528,0.9036434439598412,-0.0101418817895773,-14.954408405091383,0.7885945127189695,-0.2855335242360336
2026-08-06T10-03-05_softplus_8_58,200,100,5,softplus,8,1,4.2e-06,0.003058,6.5e-06,0.0035871,1.37e-05,0.0049248,0.9006003686548276,-0.0093869002628462,-14.465319344510942,0.8021608738192064,-0.294130773544729
2026-08-06T10-03-05_softplus_8_59,200,100,5,softplus,8,1,1.76e-05,0.0059228,1.36e-05,0.0054296,5.96e-05,0.0107134,0.8979583693458423,-0.0171407471076032,-14.028815690588624,0.8041011989232928,-0.2655406608816218
2026-08-06T10-03-05_softplus_8_60,200,100,5,softplus,8,1,1.28e-05,0.0052014,1.9e-05,0.0067093,8.2e-06,0.004284,0.9018663456378894,-0.0091448657963787,-15.126726353665438,0.7928952087951708,-0.2904020368719579
2026-08-06T10-03-05_softplus_8_61,200,100,5,softplus,8,1,9.8e-06,0.0045984,6.5e-06,0.0039508,7.6e-06,0.0039841,0.909004378168556,-0.014779630838441,-14.814782962209804,0.7959156904480768,-0.3097952292654559
2026-08-06T10-03-05_softplus_8_62,200,100,5,softplus,8,1,2.1e-05,0.0067064,2.46e-05,0.0074981,4.3e-05,0.0087143,0.87073577575422,-0.0074885774664531,-14.692198342952445,0.7962808705739491,-0.2772085634696918
2026-08-06T10-03-05_softplus_8_63,200,100,5,softplus,8,1,1.23e-05,0.0050836,8.8e-06,0.0047641,1.04e-05,0.0048663,0.8975041170391247,-0.0098291680707951,-14.029040787612056,0.8092762734995634,-0.3542469368886958
2026-08-06T10-03-05_softplus_8_64,200,100,5,softplus,8,1,2.61e-05,0.0075813,7.2e-05,0.0112976,4.06e-05,0.0088816,0.9110152729030324,-0.0145904701121389,-15.047382723324075,0.7974479253666387,-0.3168174152456426
2026-08-06T10-03-05_softplus_8_65,200,100,5,softplus,8,1,1.1e-05,0.0046715,4.92e-05,0.0080429,1.37e-05,0.0056023,0.905828283518304,-0.0149650613569603,-14.539526326774077,0.7944693198266097,-0.30094466940905
2026-08-06T10-03-05_softplus_8_66,200,100,5,softplus,8,1,2.08e-05,0.006546,1.76e-05,0.0063464,2.87e-05,0.0076097,0.8830520309415937,-0.0117025156908297,-14.53621456751232,0.8023318657852837,-0.3175997226754162
2026-08-06T10-03-05_softplus_8_67,200,100,5,softplus,8,1,4.92e-05,0.0099662,2.56e-05,0.0080766,7.88e-05,0.0123267,0.9022039801399646,-0.011436933867442,-16.298383100826968,0.7670575423379948,-0.4538876972322636
2026-08-06T10-03-05_softplus_8_68,200,100,5,softplus,8,1,1.65e-05,0.006135,8.73e-05,0.0119535,9.15e-05,0.0114158,0.905233594548518,-0.015411997550259,-14.775508190359394,0.7960621241629336,-0.3128614756567538
2026-08-06T10-03-05_softplus_8_69,200,100,5,softplus,8,1,1.16e-05,0.0051405,8.4e-06,0.0045123,1.58e-05,0.006284,0.9042587101245304,-0.0081970233855631,-15.047165326229988,0.7938402348115773,-0.3120301094700123
2026-08-06T10-03-05_softplus_8_70,200,100,5,softplus,8,1,1.35e-05,0.005344,1.25e-05,0.0054542,1.25e-05,0.0053788,0.914422728514616,-0.0140777739194024,-14.939143385004162,0.7971174202409672,-0.3072414335210772
2026-08-06T10-03-05_softplus_8_71,200,100,5,softplus,8,1,1.23e-05,0.0053792,2.49e-05,0.0076343,1.17e-05,0.0053346,0.900843302226542,-0.0096529734250298,-14.277220303331138,0.8004179675452814,-0.3102662139270928
2026-08-06T10-03-05_softplus_8_72,200,100,5,softplus,8,1,9.2e-06,0.004183,2.46e-05,0.0052957,1.65e-05,0.0048115,0.9010765392659226,-0.0108402798750314,-14.60667941837554,0.8027788580900538,-0.2904119336690108
2026-08-06T10-03-05_softplus_8_73,200,100,5,softplus,8,1,1.54e-05,0.0057869,6.8e-06,0.0040252,1.08e-05,0.0046334,0.9106741357196892,-0.0172381603138127,-14.662292044303252,0.8014928859264743,-0.3374580925828213
2026-08-06T10-03-05_softplus_8_74,200,100,5,softplus,8,1,1.58e-05,0.005596,1.67e-05,0.0064001,0.0002016,0.0124458,0.901733615579468,-0.0068397852966659,-13.882112644435628,0.8079713217739272,-0.3131511683789
2026-08-06T10-03-05_softplus_8_75,200,100,5,softplus,8,1,3.96e-05,0.0091165,3.27e-05,0.009207,8.5e-05,0.012631,0.8908782250190097,-0.0137672968784023,-15.908668818568042,0.7731162618820758,-0.3161275570068261
2026-08-06T10-03-05_softplus_8_76,200,100,5,softplus,8,1,1.22e-05,0.0048873,4.56e-05,0.0072679,1.55e-05,0.0060383,0.9021806934808464,-0.0113968970382795,-13.86882065031878,0.8085625389478224,-0.3022327837614564
2026-08-06T10-03-05_softplus_8_77,200,100,5,softplus,8,1,1.25e-05,0.0054277,8.5e-06,0.0044123,9e-06,0.0050161,0.9101739691276696,-0.0139132580759896,-14.931528180683436,0.7931487853674113,-0.291705256199607
2026-08-06T10-03-05_softplus_8_78,200,100,5,softplus,8,1,1.08e-05,0.0045385,0.0001106,0.0117769,2.91e-05,0.0059958,0.8962020053787689,-0.0101104658863331,-14.520220320258328,0.8000899643924623,-0.3024657931508578
2026-08-06T10-03-05_softplus_8_79,200,100,5,softplus,8,1,2.05e-05,0.0066839,9.62e-05,0.0118422,5.02e-05,0.0088879,0.897908081013996,-0.0057602554622461,-14.508037884393325,0.8027837851372477,-0.2849633960294084
2026-08-06T10-03-05_softplus_8_80,200,100,5,softplus,8,1,1.47e-05,0.0053716,5.4e-05,0.0086795,2.64e-05,0.0070278,0.9014431984125296,-0.012843319715508,-14.59840184641393,0.7955463610150482,-0.3846081066674739
2026-08-06T10-03-05_softplus_8_81,200,100,5,softplus,8,1,1.13e-05,0.0048264,1.34e-05,0.0054238,3.21e-05,0.0083914,0.9077225931878892,-0.0106238281177704,-14.788989477477315,0.7959062869667917,-0.3455750228932813
2026-08-06T10-03-05_softplus_8_82,200,100,5,softplus,8,1,2.25e-05,0.0069335,0.000168,0.0123365,9.4e-06,0.0050445,0.9082324519762862,-0.0126885325871045,-14.401754573594314,0.8023972691776826,-0.3480419829270619
2026-08-06T10-03-05_softplus_8_83,200,100,5,softplus,8,1,1.24e-05,0.0051668,7.32e-05,0.0081981,2.05e-05,0.0062686,0.8966871219469258,-0.0107862988934171,-14.874879588944015,0.7802406158826011,-0.3036639993456925
2026-08-06T10-03-05_softplus_8_84,200,100,5,softplus,8,1,2.16e-05,0.0065764,1.24e-05,0.0057143,2.44e-05,0.0073038,0.9022104284709652,-0.0062128499728818,-15.08958439204091,0.7971067344791766,-0.373951154254477
2026-08-06T10-03-05_softplus_8_85,200,100,5,softplus,8,1,2.09e-05,0.0066755,1.58e-05,0.0062027,4e-05,0.0083061,0.8990374549263253,-0.0080416059596942,-14.59070797423269,0.7985533654016177,-0.3833746572322809
2026-08-06T10-03-05_softplus_8_86,200,100,5,softplus,8,1,1.4e-05,0.0053727,9.19e-05,0.0098521,5.81e-05,0.0089682,0.9071823866616544,-0.0081595990255702,-15.351787697559496,0.7835493628759854,-0.2969428582084127
2026-08-06T10-03-05_softplus_8_87,200,100,5,softplus,8,1,1.91e-05,0.0061706,0.000195,0.0163549,0.0001935,0.0118814,0.8822280298849327,-0.0077537612201558,-14.702061161085066,0.794610243466614,-0.3439848566616943
2026-08-06T10-03-05_softplus_8_88,200,100,5,softplus,8,1,1.03e-05,0.0046579,1.64e-05,0.0064479,8.2e-06,0.0045908,0.9110351591231016,-0.0113099553930465,-14.512521483879617,0.8088780324966166,-0.26673224805762
2026-08-06T10-03-05_softplus_8_89,200,100,5,softplus,8,1,2.38e-05,0.0064771,1.33e-05,0.0057717,1.89e-05,0.0063818,0.9005663110541164,-0.0167819344517329,-15.056267635931396,0.7871413216385401,-0.290694950469908
2026-08-06T10-03-05_softplus_8_90,200,100,5,softplus,8,1,1.46e-05,0.0058738,1.23e-05,0.0056787,1.12e-05,0.0055306,0.908750546144736,-0.0114908090173897,-14.592211884446847,0.8041242545888819,-0.3040271322842192
2026-08-06T10-03-05_softplus_8_91,200,100,5,softplus,8,1,1.22e-05,0.0051437,1.14e-05,0.0054501,1.03e-05,0.0048483,0.9008391894093568,-0.0065937497443054,-14.619989971524626,0.801409410706429,-0.2873595266790657
2026-08-06T10-03-05_softplus_8_92,200,100,5,softplus,8,1,1.69e-05,0.0060664,2.29e-05,0.0073044,3.03e-05,0.0075069,0.90732819358206,-0.0170774282197403,-14.65186233066411,0.8022914337472316,-0.2790704074019279
2026-08-06T10-03-05_softplus_8_93,200,100,5,softplus,8,1,1.75e-05,0.0058335,8.51e-05,0.0101656,0.0003252,0.0136752,0.8833486514293559,-0.0100028526689434,-15.522192402520654,0.7781910210439957,-0.2628040711108764
2026-08-06T10-03-05_softplus_8_94,200,100,5,softplus,8,1,3.69e-05,0.0089081,5.43e-05,0.0109257,0.0001139,0.0140887,0.8963264043433886,-0.0145816266506941,-16.33504350044776,0.7610096801147277,-0.4312929465886494
2026-08-06T10-03-05_softplus_8_95,200,100,5,softplus,8,1,2.11e-05,0.0067035,2.27e-05,0.0068968,1.43e-05,0.0053427,0.9049098506070266,-0.0079083156549136,-15.501961141989208,0.7932721853344783,-0.2944022764629844
2026-08-06T10-03-05_softplus_8_96,200,100,5,softplus,8,1,1.56e-05,0.0056326,1.67e-05,0.005959,3.41e-05,0.0082851,0.90935060973511,-0.0146465763387874,-14.52195547356232,0.7965791223200583,-0.3357698510163359
2026-08-06T10-03-05_softplus_8_97,200,100,5,softplus,8,1,2.01e-05,0.0063815,7.43e-05,0.0101842,2.75e-05,0.0070251,0.8914247265690058,-0.0140865447540816,-15.744891820181602,0.7927287257130137,-0.5124646349535634
2026-08-06T10-03-05_softplus_8_98,200,100,5,softplus,8,1,9.2e-06,0.0045899,1.48e-05,0.005702,2.94e-05,0.0073489,0.8963010831741455,-0.0080924062196038,-14.94526897236572,0.793501207587423,-0.2945461581631425
2026-08-06T10-03-05_softplus_8_99,200,100,5,softplus,8,1,2.12e-05,0.0061753,2.77e-05,0.006862,7.35e-05,0.0084527,0.899356795607521,-0.0106401670106358,-15.438132157049225,0.7967626107075827,-0.324149522537549
2026-08-06T10-03-05_softplus_8_100,200,100,5,softplus,8,1,2.13e-05,0.0068289,1.38e-05,0.0061043,1.88e-05,0.0065224,0.9087534358156588,-0.0153248215406252,-14.610144267860624,0.7994760128566801,-0.3478892189133015
2026-08-06T15-38-18_softplus_16_1,200,100,5,softplus,16,1,3.9e-06,0.0029816,3.4e-06,0.0029261,4.2e-06,0.0033104,0.9027402332877678,-0.0099219329238274,-14.261186071195985,0.8051383227853461,-0.2867776577974773
2026-08-06T15-38-18_softplus_16_2,200,100,5,softplus,16,1,4.8e-06,0.003309,2.3e-05,0.0058098,5.4e-06,0.0036623,0.9041234184355338,-0.010769478283904,-14.727742862952631,0.7957070391565992,-0.2751691818340929
2026-08-06T15-38-18_softplus_16_3,200,100,5,softplus,16,1,6.8e-06,0.003766,4.2e-06,0.0033932,6.9e-06,0.0041195,0.909554394545358,-0.0172837478344173,-14.995610704487584,0.8040525774065683,-0.2555985041853098
2026-08-06T15-38-18_softplus_16_4,200,100,5,softplus,16,1,4.7e-06,0.0030178,8.8e-06,0.004187,5.3e-06,0.003121,0.9102504383538677,-0.0186028021389637,-14.85762153677212,0.7963438646152051,-0.3170754675687798
2026-08-06T15-38-18_softplus_16_5,200,100,5,softplus,16,1,6.8e-06,0.0038242,1.38e-05,0.0055364,1.13e-05,0.0047778,0.9012047530793698,-0.0100901051539158,-14.121263394745384,0.8084276193560218,-0.2733926817392068
2026-08-06T15-38-18_softplus_16_6,200,100,5,softplus,16,1,9.7e-06,0.0044017,1.19e-05,0.005362,9.7e-06,0.0047323,0.8911420112984839,-0.008802669924469,-13.862121265152874,0.81184893454231,-0.3167516498412431
2026-08-06T15-38-18_softplus_16_7,200,100,5,softplus,16,1,6.6e-06,0.0037289,5.7e-06,0.0035207,5.9e-06,0.0036463,0.9112833142557234,-0.0107697303328224,-14.122717720076086,0.8155397767809098,-0.2964789836294845
2026-08-06T15-38-18_softplus_16_8,200,100,5,softplus,16,1,7.5e-06,0.0041734,6.3e-05,0.0086436,5.9e-05,0.0073067,0.9026276815085892,-0.0058055224580974,-13.698114345555789,0.8164139037928836,-0.2751597120265742
2026-08-06T15-38-18_softplus_16_9,200,100,5,softplus,16,1,6.7e-06,0.0038461,1e-05,0.0046578,4.3e-06,0.0032904,0.9135248144535388,-0.0166952742617662,-14.924808539040493,0.7949363768449389,-0.3001721327864343
2026-08-06T15-38-18_softplus_16_10,200,100,5,softplus,16,1,6.5e-06,0.0038066,9.2e-06,0.004253,6e-06,0.0037754,0.8926421689543966,-0.0107348651994557,-14.138414214796176,0.8068859492296816,-0.2956911941929269
2026-08-06T15-38-18_softplus_16_11,200,100,5,softplus,16,1,1.02e-05,0.0045265,8.65e-05,0.0106629,8.8e-06,0.0040206,0.9038762222542328,-0.0128037458456991,-14.733716649751818,0.7960460729965988,-0.3027331579168845
2026-08-06T15-38-18_softplus_16_12,200,100,5,softplus,16,1,5.7e-06,0.0033267,1.06e-05,0.0041439,5e-06,0.0034274,0.90197004802536,-0.0152769327107828,-14.494427605502654,0.8069944534470086,-0.2559797584539353
2026-08-06T15-38-18_softplus_16_13,200,100,5,softplus,16,1,5.6e-06,0.0034107,6.4e-06,0.0038351,1.31e-05,0.0055779,0.9034652485163568,-0.0110084928185048,-14.140424680724404,0.8120474770312415,-0.3366244950385089
2026-08-06T15-38-18_softplus_16_14,200,100,5,softplus,16,1,8.5e-06,0.0043425,1.08e-05,0.0050523,7.5e-06,0.0041405,0.9072672438402388,-0.0115512211746992,-14.473699303291372,0.8103023242591778,-0.3168373997293405
2026-08-06T15-38-18_softplus_16_15,200,100,5,softplus,16,1,2.4e-06,0.0023312,3.8e-06,0.0028723,7.4e-06,0.0037668,0.9036976874907952,-0.0140541349953088,-14.34135391802595,0.8087202447992698,-0.3075228925522599
2026-08-06T15-38-18_softplus_16_16,200,100,5,softplus,16,1,6.3e-06,0.0037394,8.1e-06,0.0043983,8.3e-06,0.0034827,0.9094465367450892,-0.0099435972687534,-14.208428648410935,0.8112501036854315,-0.32124585201395
2026-08-06T15-38-18_softplus_16_17,200,100,5,softplus,16,1,6.9e-06,0.0039401,9.6e-06,0.0044338,1.94e-05,0.0051041,0.8981762828803562,-0.0112325048755211,-14.41994765173954,0.8065056173264444,-0.3042993824325213
2026-08-06T15-38-18_softplus_16_18,200,100,5,softplus,16,1,6.6e-06,0.0037935,5.3e-06,0.0036393,4e-06,0.003265,0.8945466720923058,-0.0118869736054839,-14.388686106584476,0.8036274787710267,-0.2891694593007521
2026-08-06T15-38-18_softplus_16_19,200,100,5,softplus,16,1,6.1e-06,0.0034825,8.8e-06,0.0045254,4.5e-06,0.0032756,0.9052831072509856,-0.0149003969739019,-14.349606645295523,0.8024009431018551,-0.2954782143119284
2026-08-06T15-38-18_softplus_16_20,200,100,5,softplus,16,1,2.43e-05,0.0068561,7.82e-05,0.0117984,1.8e-05,0.0068419,0.903888563178788,-0.0136508829227927,-14.21505137064474,0.8069709032296931,-0.2890687915101497
2026-08-06T15-38-18_softplus_16_21,200,100,5,softplus,16,1,9.6e-06,0.0044995,1.03e-05,0.0050292,8.07e-05,0.0100392,0.909492404348242,-0.0139318748153021,-15.197779812849854,0.7949585439845323,-0.2704589614972591
2026-08-06T15-38-18_softplus_16_22,200,100,5,softplus,16,1,9.1e-06,0.0045351,8.4e-06,0.0045179,9e-06,0.003812,0.9026164484001444,-0.0126721172502771,-14.218595980084046,0.811636436706954,-0.305336411962509
2026-08-06T15-38-18_softplus_16_23,200,100,5,softplus,16,1,7e-06,0.0039102,1.01e-05,0.0045808,5.6e-06,0.0037988,0.8980089442947021,-0.0115476550083509,-14.276247491840996,0.813327120004352,-0.2943746467093872
2026-08-06T15-38-18_softplus_16_24,200,100,5,softplus,16,1,7.9e-06,0.0040999,4.3e-06,0.0032785,4.9e-06,0.0033896,0.911667268928338,-0.0160437345297296,-14.413844617112623,0.8011528196187514,-0.3355893327330089
2026-08-06T15-38-18_softplus_16_25,200,100,5,softplus,16,1,8.6e-06,0.0042544,1.14e-05,0.0048005,9.44e-05,0.0110462,0.9057134516160876,-0.014985526546861,-13.441758623991316,0.8199711163652627,-0.3504955212912486
2026-08-06T15-38-18_softplus_16_26,200,100,5,softplus,16,1,5.8e-06,0.0035002,3.7e-06,0.0030389,4.4e-06,0.0030756,0.8990762142726533,-0.0093677874060963,-14.154923153656688,0.8053581014772115,-0.3841235842823426
2026-08-06T15-38-18_softplus_16_27,200,100,5,softplus,16,1,5.1e-06,0.003417,1.04e-05,0.0047204,5e-06,0.0035897,0.9082374897512088,-0.0094701637611672,-14.756597408498097,0.7972127292505033,-0.2650372354244379
2026-08-06T15-38-18_softplus_16_28,200,100,5,softplus,16,1,1.08e-05,0.0048075,4.69e-05,0.007602,3.5e-05,0.0069063,0.8985732719871565,-0.011447212706481,-14.382032389494167,0.8044609687017406,-0.3151171693155336
2026-08-06T15-38-18_softplus_16_29,200,100,5,softplus,16,1,1.08e-05,0.0046196,7.7e-06,0.0043125,9.5e-06,0.0044881,0.903995060199307,-0.0102210925762988,-14.031216370318816,0.8089927770117425,-0.3043460384522551
2026-08-06T15-38-18_softplus_16_30,200,100,5,softplus,16,1,4.8e-06,0.0031572,1.06e-05,0.004396,1.06e-05,0.0046691,0.9067468468994738,-0.0095299482682841,-14.04157499972672,0.8079211446146827,-0.3042332238106016
2026-08-06T15-38-18_softplus_16_31,200,100,5,softplus,16,1,6.9e-06,0.0039131,6.4e-06,0.0040179,9.6e-06,0.0045423,0.9066811652143436,-0.0133050701957987,-14.492176032645084,0.8035927152786654,-0.3235675423698297
2026-08-06T15-38-18_softplus_16_32,200,100,5,softplus,16,1,4e-06,0.0027565,6.3e-06,0.0029894,7e-06,0.0033188,0.8902369279847597,-0.0098907553731274,-14.348561220216226,0.7990114572737176,-0.3185412392940101
2026-08-06T15-38-18_softplus_16_33,200,100,5,softplus,16,1,5.9e-06,0.0034885,5.36e-05,0.0068931,3.25e-05,0.0057893,0.9037158910968778,-0.0129509056713633,-14.7446377380037,0.7990327102636788,-0.3512346234136098
2026-08-06T15-38-18_softplus_16_34,200,100,5,softplus,16,1,4.9e-06,0.0032854,3e-06,0.0025104,5.6e-06,0.0035307,0.9076109002920834,-0.0168150386546791,-14.596627406014347,0.8010136633552325,-0.3323679918001548
2026-08-06T15-38-18_softplus_16_35,200,100,5,softplus,16,1,8.8e-06,0.0043608,6.7e-06,0.003816,9.6e-06,0.0040089,0.9004840268277622,-0.0130535140792689,-13.898233776520632,0.8121644612826089,-0.3144620736863168
2026-08-06T15-38-18_softplus_16_36,200,100,5,softplus,16,1,7.2e-06,0.003959,2.94e-05,0.0063727,2.45e-05,0.0063401,0.9061215090603734,-0.0153030385973391,-14.395395516251424,0.8062869513712536,-0.3093819300652173
2026-08-06T15-38-18_softplus_16_37,200,100,5,softplus,16,1,3.8e-06,0.0028452,6.6e-06,0.0039046,3.31e-05,0.006651,0.9019766689893018,-0.0170781426353114,-14.58592985372741,0.8055292083854381,-0.3206511363797172
2026-08-06T15-38-18_softplus_16_38,200,100,5,softplus,16,1,8.5e-06,0.0042759,1.5e-05,0.0049468,2.9e-05,0.0057429,0.9042208934612996,-0.0099023741147609,-14.72604116817,0.795871663104432,-0.2893325279339104
2026-08-06T15-38-18_softplus_16_39,200,100,5,softplus,16,1,6.7e-06,0.0037925,6.8e-06,0.0039037,5.4e-06,0.0032677,0.9051390009742512,-0.0148546351115107,-14.29799751375091,0.8044428050680137,-0.3431049734456148
2026-08-06T15-38-18_softplus_16_40,200,100,5,softplus,16,1,6.4e-06,0.003753,3.02e-05,0.0063992,9.6e-06,0.0048235,0.8921530446689007,-0.0147481414117174,-13.689884205043052,0.8118848523425541,-0.3223221516194831
2026-08-06T15-38-18_softplus_16_41,200,100,5,softplus,16,1,7.1e-06,0.0039201,1.08e-05,0.0046094,3.73e-05,0.0076724,0.8858149623261605,-0.0086058526113716,-13.81530176329313,0.8195542070491652,-0.287273278048179
2026-08-06T15-38-18_softplus_16_42,200,100,5,softplus,16,1,4.2e-06,0.0029106,4.4e-06,0.0031424,1.1e-05,0.0041814,0.90284672506765,-0.0195605561583526,-14.104219809658506,0.808769709109584,-0.3913547998019928
2026-08-06T15-38-18_softplus_16_43,200,100,5,softplus,16,1,5.8e-06,0.0035281,9e-06,0.0038956,9.7e-06,0.0047271,0.8938865874060127,-0.0042360763951255,-14.45487694527862,0.8003019318230928,-0.2839156880116544
2026-08-06T15-38-18_softplus_16_44,200,100,5,softplus,16,1,5.5e-06,0.0035098,7.6e-06,0.0042468,4.7e-06,0.0033397,0.891974106532159,-0.0119815571316617,-14.409652798732631,0.8028094295802009,-0.2861603093932691
2026-08-06T15-38-18_softplus_16_45,200,100,5,softplus,16,1,9.3e-06,0.0045166,3.92e-05,0.0077952,9.3e-06,0.0047046,0.9019571182646656,-0.0087758122520492,-14.35249916162194,0.8051492154896597,-0.3013382943414538
2026-08-06T15-38-18_softplus_16_46,200,100,5,softplus,16,1,6.2e-06,0.0037419,1.24e-05,0.004199,6e-06,0.0037383,0.9027353738353658,-0.015365105680076,-14.024607987295596,0.8064192893738088,-0.3341035634841421
2026-08-06T15-38-18_softplus_16_47,200,100,5,softplus,16,1,4.5e-06,0.0032687,6.4e-06,0.0037267,3.5e-06,0.0029837,0.8976200134891237,-0.0161667480922243,-14.02710339724858,0.8156193874586959,-0.3128028107528757
2026-08-06T15-38-18_softplus_16_48,200,100,5,softplus,16,1,3.9e-06,0.0029451,6.8e-06,0.0035825,3e-06,0.0026739,0.903983130449625,-0.0126503461369377,-14.371382998261264,0.8056540779300919,-0.3089071896551553
2026-08-06T15-38-18_softplus_16_49,200,100,5,softplus,16,1,4.7e-06,0.0031771,3.5e-06,0.0028898,2.96e-05,0.0070187,0.90735295709634,-0.01405538906945,-13.931726405283548,0.8097895377580582,-0.3328592505942485
2026-08-06T15-38-18_softplus_16_50,200,100,5,softplus,16,1,8.8e-06,0.0040708,1.82e-05,0.0059023,1.36e-05,0.0052317,0.8960454908227291,-0.0094791661728662,-14.322135524802643,0.8015164683648763,-0.3088003742507816
2026-08-06T15-38-18_softplus_16_51,200,100,5,softplus,16,1,8.9e-06,0.0045846,1.14e-05,0.0056069,1.1e-05,0.0048807,0.9006107252791224,-0.0093013328625384,-15.232230691834,0.7891409024647161,-0.2732646571510804
2026-08-06T15-38-18_softplus_16_52,200,100,5,softplus,16,1,5.4e-06,0.0034765,5.7e-06,0.0033768,6.56e-05,0.0099658,0.9124899463279376,-0.0152511625382177,-14.066751871805735,0.8153595854819295,-0.3182075124763178
2026-08-06T15-38-18_softplus_16_53,200,100,5,softplus,16,1,4.7e-06,0.0030378,5.1e-06,0.0033431,7.2e-06,0.0036679,0.9026047394412068,-0.0091719774744641,-14.311775685753188,0.8089147038829353,-0.2961688390285988
2026-08-06T15-38-18_softplus_16_54,200,100,5,softplus,16,1,7.6e-06,0.0040628,9.6e-06,0.0044902,4e-06,0.0031317,0.8975584273784731,-0.0095593413663866,-14.008162415731316,0.8053667072892287,-0.3685710492118271
2026-08-06T15-38-18_softplus_16_55,200,100,5,softplus,16,1,1.22e-05,0.0050871,5.3e-06,0.0033511,9.7e-06,0.0045761,0.9060542155470216,-0.0087789323317552,-14.545421895723152,0.7984525823795295,-0.263046336794091
2026-08-06T15-38-18_softplus_16_56,200,100,5,softplus,16,1,3.1e-06,0.0024529,3.05e-05,0.0047583,2.4e-06,0.0023254,0.8991346807023717,-0.002804300913117,-14.961195331180884,0.7953898338383205,-0.2791848123343116
2026-08-06T15-38-18_softplus_16_57,200,100,5,softplus,16,1,5e-06,0.0031861,1.88e-05,0.0051665,4e-06,0.0030416,0.9066154171554738,-0.0154678118326255,-14.957687992671245,0.7971576060138041,-0.2718090545524426
2026-08-06T15-38-18_softplus_16_58,200,100,5,softplus,16,1,5.8e-06,0.0034057,1.85e-05,0.0053766,1.25e-05,0.0047394,0.9039608847954366,-0.013191350498948,-14.51912159779575,0.8004883181080729,-0.3050226688539614
2026-08-06T15-38-18_softplus_16_59,200,100,5,softplus,16,1,5.2e-06,0.003472,4.1e-06,0.0033148,1.36e-05,0.0051003,0.8995755515564131,-0.0100656318918088,-14.496070782731548,0.800105137314152,-0.2903689880937333
2026-08-06T15-38-18_softplus_16_60,200,100,5,softplus,16,1,7.1e-06,0.0039606,1.46e-05,0.0053412,1.91e-05,0.005873,0.8956963993290582,-0.0119860390690583,-14.600899887785562,0.8012827068138073,-0.3156339430784277
2026-08-06T15-38-18_softplus_16_61,200,100,5,softplus,16,1,1.07e-05,0.0047247,8.4e-06,0.0043035,9.8e-06,0.0044375,0.90585492977546,-0.0099459332614376,-13.880916541027068,0.8165582725249678,-0.3542116076240892
2026-08-06T15-38-18_softplus_16_62,200,100,5,softplus,16,1,4.5e-06,0.0031318,5.6e-06,0.0036662,8.6e-06,0.0036461,0.8946691752565303,-0.0127280027405736,-14.4718377806485,0.8047925897436606,-0.3063391074176608
2026-08-06T15-38-18_softplus_16_63,200,100,5,softplus,16,1,5.7e-06,0.0034365,5.2e-06,0.0034816,4.5e-06,0.0032803,0.9044125512416326,-0.0144340264288156,-14.253358991655194,0.8105422394775337,-0.2797580304621871
2026-08-06T15-38-18_softplus_16_64,200,100,5,softplus,16,1,7.4e-06,0.0041058,6.81e-05,0.0085488,1.62e-05,0.0056965,0.9129087815125636,-0.0152823464801342,-13.862719902428111,0.8140903482191548,-0.3946695168974762
2026-08-06T15-38-18_softplus_16_65,200,100,5,softplus,16,1,5.5e-06,0.003526,2.23e-05,0.0057644,7.2e-06,0.0037797,0.8973178260307382,-0.0111543396531379,-13.95114782444223,0.8103143751498967,-0.3490562525276491
2026-08-06T15-38-18_softplus_16_66,200,100,5,softplus,16,1,6.1e-06,0.0035126,8.2e-06,0.003993,1.4e-05,0.0048382,0.9147734899619252,-0.015263092992999,-14.54329033752414,0.8046733956820835,-0.2712664688348038
2026-08-06T15-38-18_softplus_16_67,200,100,5,softplus,16,1,5.2e-06,0.0033945,4.8e-06,0.0034784,6.6e-06,0.0038552,0.8991763351956983,-0.0104139803565613,-14.260237615909876,0.8068618573063626,-0.3207208768722824
2026-08-06T15-38-18_softplus_16_68,200,100,5,softplus,16,1,5.9e-06,0.0034997,2.6e-05,0.0058252,1.6e-05,0.0054435,0.9035750102641492,-0.0085975390657179,-14.562428466040902,0.8078816433204479,-0.3062933653984478
2026-08-06T15-38-18_softplus_16_69,200,100,5,softplus,16,1,9.4e-06,0.0046854,7.4e-06,0.004471,1.07e-05,0.0051783,0.8972785185622699,-0.0069443723080923,-15.103325871406494,0.7926375155312304,-0.3154012960702484
2026-08-06T15-38-18_softplus_16_70,200,100,5,softplus,16,1,7.9e-06,0.0041737,7.5e-06,0.004282,5.9e-06,0.003898,0.9034777667548304,-0.0134076121565214,-14.594664061144258,0.797538673500736,-0.307924316230303
2026-08-06T15-38-18_softplus_16_71,200,100,5,softplus,16,1,4.7e-06,0.0032273,2.99e-05,0.0059443,4e-06,0.0030299,0.9064555076790992,-0.0107115310061558,-14.473449683955083,0.8034708439638465,-0.2977347787929746
2026-08-06T15-38-18_softplus_16_72,200,100,5,softplus,16,1,8e-06,0.0041451,2.57e-05,0.004906,2.06e-05,0.0055023,0.8988946577581446,-0.0093006762777758,-13.652719115677726,0.810987009474335,-0.3509545875666303
2026-08-06T15-38-18_softplus_16_73,200,100,5,softplus,16,1,7.8e-06,0.0040726,6.3e-06,0.0040441,1.03e-05,0.0050081,0.8987244016409026,-0.0087415349280932,-14.45456415834878,0.8098442320634573,-0.2964712189731217
2026-08-06T15-38-18_softplus_16_74,200,100,5,softplus,16,1,4.7e-06,0.0031788,5.9e-06,0.0039003,8.84e-05,0.0081478,0.8988855194428664,-0.0131089085389324,-14.480875919610966,0.8073582308472492,-0.2899293318318462
2026-08-06T15-38-18_softplus_16_75,200,100,5,softplus,16,1,4.7e-06,0.0032386,3.3e-06,0.0026582,8.9e-06,0.0040594,0.9097869498789052,-0.0137396429386657,-14.342793917524173,0.8096163665770902,-0.3753437031428008
2026-08-06T15-38-18_softplus_16_76,200,100,5,softplus,16,1,3.3e-06,0.002753,1.06e-05,0.0038011,4.6e-06,0.0034978,0.8919316264656194,-0.0076680703233181,-14.148265982033442,0.8033660957509781,-0.3086551588362384
2026-08-06T15-38-18_softplus_16_77,200,100,5,softplus,16,1,6.6e-06,0.0040314,4.4e-06,0.0033328,3.7e-06,0.0031965,0.9120761716441752,-0.0183507782803887,-14.667006503246885,0.7996763448901171,-0.2758645219015188
2026-08-06T15-38-18_softplus_16_78,200,100,5,softplus,16,1,3.7e-06,0.002661,9.1e-06,0.0040372,8.5e-06,0.0038051,0.9058823349800852,-0.0103421996477513,-14.757934304934764,0.8025788400184076,-0.2496372304368316
2026-08-06T15-38-18_softplus_16_79,200,100,5,softplus,16,1,4.7e-06,0.0032626,2.44e-05,0.0062959,1.4e-05,0.0049847,0.9071074405734236,-0.0090008827196344,-14.291771779621602,0.8046238102224021,-0.2779214762123755
2026-08-06T15-38-18_softplus_16_80,200,100,5,softplus,16,1,6.3e-06,0.0035233,8.3e-06,0.0043332,3.2e-05,0.0059755,0.900629730875195,-0.0124218090267913,-14.346671918108598,0.8010682676152147,-0.2629332388928173
2026-08-06T15-38-18_softplus_16_81,200,100,5,softplus,16,1,5.6e-06,0.0033953,1.24e-05,0.0043198,6.66e-05,0.0090997,0.8987559537641854,-0.0096791969082653,-14.305697547661632,0.8048077864660563,-0.3489871644592179
2026-08-06T15-38-18_softplus_16_82,200,100,5,softplus,16,1,6.2e-06,0.0036184,1.95e-05,0.0056284,7.5e-06,0.004147,0.9029981528082128,-0.0086585380524454,-14.316612665742564,0.8041796927344022,-0.3103114680257229
2026-08-06T15-38-18_softplus_16_83,200,100,5,softplus,16,1,5.5e-06,0.0034922,2.6e-05,0.0052549,1.26e-05,0.0045004,0.9009941793997894,-0.0083033162246754,-14.3116389462354,0.8050798455684889,-0.3741124720550565
2026-08-06T15-38-18_softplus_16_84,200,100,5,softplus,16,1,3.9e-06,0.0028838,2e-06,0.0023043,3.5e-06,0.0028364,0.9104335570896608,-0.0097156979375916,-14.26079229561186,0.8034917479717916,-0.2867082966005541
2026-08-06T15-38-18_softplus_16_85,200,100,5,softplus,16,1,6.1e-06,0.0035371,4.5e-06,0.0033872,5.2e-06,0.0032098,0.8987372588450325,-0.0111811830032685,-13.944858216371788,0.8109516919767088,-0.2849194296422164
2026-08-06T15-38-18_softplus_16_86,200,100,5,softplus,16,1,1.41e-05,0.0053477,5.07e-05,0.0091204,7.29e-05,0.0102758,0.907675810855998,-0.0105621399651096,-14.834861835979725,0.7964574699530115,-0.3043084576329119
2026-08-06T15-38-18_softplus_16_87,200,100,5,softplus,16,1,4.8e-06,0.0031658,4.05e-05,0.0080016,8.4e-05,0.0089107,0.8856320745283215,-0.0051749447879145,-13.619050722087511,0.8061749207913588,-0.3476409723524665
2026-08-06T15-38-18_softplus_16_88,200,100,5,softplus,16,1,4.3e-06,0.0030095,7.6e-06,0.0040044,4.9e-06,0.0033075,0.9118441677074984,-0.0159313611676632,-14.283768989529383,0.8030560787063848,-0.3499213528943706
2026-08-06T15-38-18_softplus_16_89,200,100,5,softplus,16,1,1.3e-05,0.0048814,7.4e-06,0.004071,1.07e-05,0.0046433,0.9083729844573842,-0.0156104560868631,-14.787626240337952,0.7970314872106438,-0.3376131846219555
2026-08-06T15-38-18_softplus_16_90,200,100,5,softplus,16,1,4.6e-06,0.0031076,5.1e-06,0.0033141,3.1e-06,0.0027099,0.9009961040016348,-0.01072082368397,-14.342843007440557,0.81297912740841,-0.2947350972740525
2026-08-06T15-38-18_softplus_16_91,200,100,5,softplus,16,1,8.1e-06,0.0042678,6.5e-06,0.004122,1.13e-05,0.0047146,0.8966834962627551,-0.0114893655561644,-14.143101007833945,0.8038522364397178,-0.316685166849815
2026-08-06T15-38-18_softplus_16_92,200,100,5,softplus,16,1,7.8e-06,0.0040678,1.35e-05,0.0053695,8.7e-06,0.0043413,0.9007682872125532,-0.0082069831343245,-13.748276017029898,0.8172833752884886,-0.3383191144518138
2026-08-06T15-38-18_softplus_16_93,200,100,5,softplus,16,1,5.3e-06,0.0033972,3.76e-05,0.0063572,2.14e-05,0.0052067,0.8996106830756929,-0.0075492980362825,-14.039849179491188,0.8041546299626893,-0.3215788842767458
2026-08-06T15-38-18_softplus_16_94,200,100,5,softplus,16,1,8.3e-06,0.0042977,9.5e-06,0.0048642,2.36e-05,0.0062245,0.9039093292120648,-0.0161111459495266,-14.2439342370911,0.8053077015964745,-0.2932486951990409
2026-08-06T15-38-18_softplus_16_95,200,100,5,softplus,16,1,6e-06,0.0036137,1.17e-05,0.0048258,3.9e-06,0.0030566,0.9008368086558144,-0.0106138302381515,-14.092502729462876,0.8046761587307509,-0.3130471817446972
2026-08-06T15-38-18_softplus_16_96,200,100,5,softplus,16,1,5.6e-06,0.0034665,5.6e-06,0.0038195,1.38e-05,0.0054645,0.9044448080888838,-0.0102288816273904,-14.095730375986848,0.8099057874856591,-0.3042197332691237
2026-08-06T15-38-18_softplus_16_97,200,100,5,softplus,16,1,7.7e-06,0.0039835,1.78e-05,0.0055553,7.2e-06,0.0041188,0.9067954457778196,-0.0090122021604554,-14.100429993497295,0.8163298498821229,-0.3021885735445834
2026-08-06T15-38-18_softplus_16_98,200,100,5,softplus,16,1,1.27e-05,0.0052562,4.41e-05,0.0090565,3.16e-05,0.0079121,0.8830281761586344,-0.0112971943767765,-14.450690600553884,0.8035019866400311,-0.3305002588427275
2026-08-06T15-38-18_softplus_16_99,200,100,5,softplus,16,1,6.3e-06,0.0035965,1e-05,0.0040751,2.22e-05,0.0051004,0.9161364883646604,-0.0197257076095805,-14.507627655030973,0.7999177314841919,-0.2587111263648906
2026-08-06T15-38-18_softplus_16_100,200,100,5,softplus,16,1,8.4e-06,0.0041857,7.4e-06,0.0044498,6.5e-06,0.0040111,0.901407015025813,-0.0129283670821959,-14.716725586983312,0.7972272417383308,-0.3057671096280079
2026-08-06T22-19-12_softplus_32_1,200,100,5,softplus,32,1,5.6e-06,0.0035792,3.7e-06,0.0031401,4.7e-06,0.0036083,0.9044289290317632,-0.010231634398946,-14.904014653092297,0.7977291558058679,-0.2757426296486243
2026-08-06T22-19-12_softplus_32_2,200,100,5,softplus,32,1,6.6e-06,0.0036791,2.43e-05,0.0063368,1.04e-05,0.0050529,0.8842483621515298,-0.0161948083815673,-14.267140702202912,0.8085357438748216,-0.3095379736969778
2026-08-06T22-19-12_softplus_32_3,200,100,5,softplus,32,1,5.4e-06,0.0034252,5.6e-06,0.0037075,7.6e-06,0.0042255,0.9045057738389956,-0.0098128584322482,-14.144680720830545,0.8203337292864633,-0.3390445138940711
2026-08-06T22-19-12_softplus_32_4,200,100,5,softplus,32,1,4.6e-06,0.0029981,1.23e-05,0.0042742,5.6e-06,0.0031792,0.8915492329914272,-0.0108357691530792,-13.987942174946308,0.8147133129132553,-0.3269827227046956
2026-08-06T22-19-12_softplus_32_5,200,100,5,softplus,32,1,3.4e-06,0.0026759,1.23e-05,0.004485,6.3e-06,0.0035397,0.8979937504921859,-0.010778744185115,-13.783327035544366,0.816542106171698,-0.3239843968072087
2026-08-06T22-19-12_softplus_32_6,200,100,5,softplus,32,1,4.6e-06,0.00303,5.2e-06,0.0036056,3e-06,0.0026594,0.8995619148682868,-0.0146708527402539,-14.35597321135424,0.8029225723307667,-0.2753686466621336
2026-08-06T22-19-12_softplus_32_7,200,100,5,softplus,32,1,8.5e-06,0.0042531,8.2e-06,0.0042938,7e-06,0.0041197,0.9103790274118756,-0.0133383189649378,-14.434561667115602,0.8055658380294475,-0.3029490747721791
2026-08-06T22-19-12_softplus_32_8,200,100,5,softplus,32,1,6.6e-06,0.003822,4.06e-05,0.0077254,3.6e-05,0.0063782,0.904033723039394,-0.0188290344937495,-14.252830666957864,0.8084067153575804,-0.2839287806504636
2026-08-06T22-19-12_softplus_32_9,200,100,5,softplus,32,1,3.7e-06,0.0028584,7.6e-06,0.0036532,2.6e-06,0.0024284,0.9098997641732156,-0.0097196811976555,-14.689155011256236,0.8057905099584703,-0.2576618222051263
2026-08-06T22-19-12_softplus_32_10,200,100,5,softplus,32,1,4e-06,0.0030539,5.9e-06,0.0033891,6.5e-06,0.0038347,0.9037111374624328,-0.0116914438519088,-14.558797738039951,0.801822037471229,-0.2981114993682687
2026-08-06T22-19-12_softplus_32_11,200,100,5,softplus,32,1,6.1e-06,0.0035186,4.18e-05,0.0073201,9.3e-06,0.0045056,0.8982505486172284,-0.0052458921346654,-14.597064068239352,0.8057586611557296,-0.2789302532350096
2026-08-06T22-19-12_softplus_32_12,200,100,5,softplus,32,1,3.6e-06,0.0027018,3.4e-06,0.0027886,3.2e-06,0.0027145,0.894445098285563,-0.0085809510273616,-14.693748732886908,0.80135165452174,-0.2778763490498737
2026-08-06T22-19-12_softplus_32_13,200,100,5,softplus,32,1,4.2e-06,0.0030042,4.2e-06,0.0032121,7.8e-06,0.0041874,0.8975183726979807,-0.0130649996865914,-14.231182001958732,0.7971894487892223,-0.2973785344815727
2026-08-06T22-19-12_softplus_32_14,200,100,5,softplus,32,1,8.7e-06,0.0041938,9.6e-06,0.0046148,9.7e-06,0.0047728,0.9069486626528518,-0.0154845901810686,-14.834859485716851,0.8054671127154295,-0.3245613592401059
2026-08-06T22-19-12_softplus_32_15,200,100,5,softplus,32,1,3.9e-06,0.0029366,8.8e-06,0.0037936,2.57e-05,0.0062349,0.8765816044742738,-0.005813844239295,-14.067357874600935,0.8045078476157214,-0.2976488913393588
2026-08-06T22-19-12_softplus_32_16,200,100,5,softplus,32,1,5.3e-06,0.0034164,8.3e-06,0.004205,6.9e-06,0.0034316,0.8992022483136776,-0.0141565439919074,-14.223618901584166,0.8048993495003588,-0.2946679979001076
2026-08-06T22-19-12_softplus_32_17,200,100,5,softplus,32,1,7.2e-06,0.0038497,9.4e-06,0.0044365,2.85e-05,0.0057736,0.8912035480612011,-0.0105813114211423,-14.532862365479357,0.8031059338757187,-0.3030117577094037
2026-08-06T22-19-12_softplus_32_18,200,100,5,softplus,32,1,6e-06,0.0034655,7.2e-06,0.0038453,4.1e-06,0.002973,0.9074093148358652,-0.015297291161805,-14.42095557414791,0.8037996114432353,-0.3013982105548951
2026-08-06T22-19-12_softplus_32_19,200,100,5,softplus,32,1,5.5e-06,0.0034304,1.03e-05,0.0043715,4.4e-06,0.0031636,0.902230292917524,-0.0080828271487612,-14.238120396076129,0.8017744933899073,-0.3028845220786141
2026-08-06T22-19-12_softplus_32_20,200,100,5,softplus,32,1,2.2e-06,0.0022084,5.8e-06,0.0033992,1.6e-06,0.0020946,0.897362626887887,-0.0103407116020177,-14.631744952238142,0.8053326413527742,-0.2506786906046515
2026-08-06T22-19-12_softplus_32_21,200,100,5,softplus,32,1,4.1e-06,0.002934,4e-06,0.003122,4.79e-05,0.0071646,0.9003861260735911,-0.0118294222748976,-14.570819210479234,0.7984405569953633,-0.2954949512497778
2026-08-06T22-19-12_softplus_32_22,200,100,5,softplus,32,1,4.2e-06,0.0029877,6e-06,0.003602,3.3e-06,0.0024921,0.8985041330474989,-0.0127392642506552,-14.176000443595113,0.8111164919321034,-0.3092911723154862
2026-08-06T22-19-12_softplus_32_23,200,100,5,softplus,32,1,4e-06,0.0029221,9.9e-06,0.0041139,5.3e-06,0.0034359,0.9001398159425428,-0.0198590177309651,-14.200674017083006,0.8060544693318199,-0.3059513714228951
2026-08-06T22-19-12_softplus_32_24,200,100,5,softplus,32,1,3.9e-06,0.0029753,2.3e-06,0.0023295,2.7e-06,0.0025519,0.8981868246371183,-0.0125962072148105,-14.747124120711693,0.8025452976241546,-0.2836553374354911
2026-08-06T22-19-12_softplus_32_25,200,100,5,softplus,32,1,4.4e-06,0.0029143,3.7e-06,0.002742,8.53e-05,0.0100775,0.8841144744673752,-0.0116591473472084,-13.706996282869218,0.8179760980372922,-0.3087889214655276
2026-08-06T22-19-12_softplus_32_26,200,100,5,softplus,32,1,7.6e-06,0.0040352,5.2e-06,0.0036244,8.7e-06,0.0041757,0.9141818947165324,-0.0113648526899374,-14.484780323556713,0.8063827160325049,-0.2900538387573531
2026-08-06T22-19-12_softplus_32_27,200,100,5,softplus,32,1,8.3e-06,0.0040944,1.13e-05,0.0049808,6.9e-06,0.0040203,0.9147008834137014,-0.016041526577635,-14.317255987065469,0.8107456609289985,-0.292536306486144
2026-08-06T22-19-12_softplus_32_28,200,100,5,softplus,32,1,6e-06,0.0035842,1.81e-05,0.0052913,1.69e-05,0.0054084,0.9038048062465546,-0.01089229207957,-14.190299227433416,0.8066765887399947,-0.2892557219677172
2026-08-06T22-19-12_softplus_32_29,200,100,5,softplus,32,1,6.9e-06,0.003564,3.8e-06,0.0031307,5.5e-06,0.0032218,0.9060453362012244,-0.0092933146730541,-14.205823379756428,0.8010689266526277,-0.2832461362578525
2026-08-06T22-19-12_softplus_32_30,200,100,5,softplus,32,1,2.5e-06,0.002287,2.8e-06,0.0021974,6.2e-06,0.0033539,0.900593941803535,-0.0029927005420847,-14.633295842112258,0.7999985520882689,-0.2914151984476915
2026-08-06T22-19-12_softplus_32_31,200,100,5,softplus,32,1,5e-06,0.0033667,3.7e-06,0.00304,7.9e-06,0.0039325,0.9052025171396284,-0.0146455325563418,-14.523120922576732,0.8031889389456948,-0.347216177118868
2026-08-06T22-19-12_softplus_32_32,200,100,5,softplus,32,1,9.8e-06,0.0045557,7.1e-06,0.003893,2.61e-05,0.0057835,0.9048590536373016,-0.0163881682949304,-14.302980953552517,0.8104429690671873,-0.3367831681287026
2026-08-06T22-19-12_softplus_32_33,200,100,5,softplus,32,1,5.1e-06,0.0030718,6.76e-05,0.007319,3.91e-05,0.006659,0.8937948576825783,-0.0168708686596581,-14.603065353103643,0.7976409834374774,-0.3393798577680829
2026-08-06T22-19-12_softplus_32_34,200,100,5,softplus,32,1,9.9e-06,0.0044503,5.2e-06,0.0036925,2.15e-05,0.0066132,0.9025752261688448,-0.0126498146545742,-14.280792206953006,0.8051530210785514,-0.2913556331143163
2026-08-06T22-19-12_softplus_32_35,200,100,5,softplus,32,1,9.4e-06,0.004644,8.8e-06,0.0046223,8e-06,0.0043138,0.90478655944358,-0.0113218192313786,-14.656626140516632,0.8002120091099817,-0.2814282359492998
2026-08-06T22-19-12_softplus_32_36,200,100,5,softplus,32,1,1.42e-05,0.0056663,6.15e-05,0.0097576,7.21e-05,0.0105307,0.907543675119929,-0.0082438178856454,-14.574084029589198,0.7960321830974465,-0.2787926789937273
2026-08-06T22-19-12_softplus_32_37,200,100,5,softplus,32,1,4e-06,0.0029278,9.3e-06,0.0044783,4.5e-05,0.0072773,0.8958402980749964,-0.0146937650872733,-14.493890856471392,0.8004377176924043,-0.2755062279595782
2026-08-06T22-19-12_softplus_32_38,200,100,5,softplus,32,1,6e-06,0.0033596,9.5e-06,0.0041915,7.08e-05,0.0072698,0.9043590108175638,-0.015622593810644,-14.585161624543527,0.8012786970239333,-0.3223798260788713
2026-08-06T22-19-12_softplus_32_39,200,100,5,softplus,32,1,5.2e-06,0.0033058,5.1e-06,0.003175,3.7e-06,0.0029711,0.9018958372747106,-0.0131865968112648,-14.376065631331798,0.8058301236851741,-0.3021882464609632
2026-08-06T22-19-12_softplus_32_40,200,100,5,softplus,32,1,4.7e-06,0.0032283,1.72e-05,0.0051629,5.4e-06,0.00385,0.9044877384258422,-0.0137579988560556,-14.41090162632457,0.8039911457193158,-0.3047615317944263
2026-08-06T22-19-12_softplus_32_41,200,100,5,softplus,32,1,8.3e-06,0.0040937,1.52e-05,0.0055202,3.39e-05,0.0068028,0.880427748238102,-0.0150208464678237,-14.16918473710393,0.8043506131188091,-0.3087233811801632
2026-08-06T22-19-12_softplus_32_42,200,100,5,softplus,32,1,6.3e-06,0.0035277,6e-06,0.0036438,1.4e-05,0.0055117,0.8827950331418434,-0.0116490825741137,-14.015883602131476,0.813149083700442,-0.2822267121249383
2026-08-06T22-19-12_softplus_32_43,200,100,5,softplus,32,1,6.6e-06,0.0037528,8e-06,0.0043525,8.6e-06,0.0043934,0.8917450346389458,-0.0092471463524361,-14.878125017868369,0.7989506124686571,-0.2603672425410192
2026-08-06T22-19-12_softplus_32_44,200,100,5,softplus,32,1,3.6e-06,0.0028917,6e-06,0.0039252,6.5e-06,0.0037396,0.8887826510352241,-0.0081423759983238,-14.340537640212142,0.8058588418112093,-0.2951869730543088
2026-08-06T22-19-12_softplus_32_45,200,100,5,softplus,32,1,4.4e-06,0.0032078,2.76e-05,0.0065048,9.6e-06,0.0042379,0.8980974659118497,-0.0064036034881508,-14.194477898002772,0.8099871135019526,-0.300854804756816
2026-08-06T22-19-12_softplus_32_46,200,100,5,softplus,32,1,3.9e-06,0.0028913,5e-06,0.0032913,5e-06,0.0035671,0.8907019530250547,-0.0111941858930872,-14.256621050215362,0.804446431030934,-0.2851219127143117
2026-08-06T22-19-12_softplus_32_47,200,100,5,softplus,32,1,1.1e-05,0.0047854,1.72e-05,0.0058773,5.2e-06,0.0037098,0.9068206736813396,-0.0165952840918103,-14.5636517499424,0.798992494135196,-0.2888147883387881
2026-08-06T22-19-12_softplus_32_48,200,100,5,softplus,32,1,4.9e-06,0.00313,1.03e-05,0.0043251,7.1e-06,0.0040039,0.8986719074547439,-0.0126615925387632,-14.481077606641964,0.7988878750029818,-0.2855559749042718
2026-08-06T22-19-12_softplus_32_49,200,100,5,softplus,32,1,3.7e-06,0.0028582,4.3e-06,0.0029572,6.5e-05,0.0088271,0.8959492295272058,-0.008637822008002,-14.366731349196447,0.8082952406977173,-0.3277917375383981
2026-08-06T22-19-12_softplus_32_50,200,100,5,softplus,32,1,8.2e-06,0.0040218,8.7e-06,0.0042641,2.51e-05,0.0062879,0.8969856504135144,-0.0126493278982271,-14.447037920292129,0.79770057577847,-0.2734505331811166
2026-08-06T22-19-12_softplus_32_51,200,100,5,softplus,32,1,2.7e-06,0.0024945,5.2e-06,0.0034381,6.2e-06,0.003397,0.8953114833446769,-0.0120203939612453,-14.11946952488048,0.8087742799078427,-0.2845882385804744
2026-08-06T22-19-12_softplus_32_52,200,100,5,softplus,32,1,7.1e-06,0.0040126,6.7e-06,0.0040419,5.88e-05,0.0096359,0.9009310159409224,-0.0089383434301595,-14.371310329798126,0.8069096850737566,-0.286666911552984
2026-08-06T22-19-12_softplus_32_53,200,100,5,softplus,32,1,7.2e-06,0.0038891,9.4e-06,0.0047192,1.07e-05,0.0045849,0.9001643473850288,-0.0197427235447154,-14.30121103134232,0.8060839085907109,-0.2694429921991553
2026-08-06T22-19-12_softplus_32_54,200,100,5,softplus,32,1,9.8e-06,0.0045937,1.19e-05,0.0052162,6.7e-06,0.0038836,0.9025173075288896,-0.0138750949546045,-14.000830658661092,0.8079750165908122,-0.3657293886836021
2026-08-06T22-19-12_softplus_32_55,200,100,5,softplus,32,1,6.6e-06,0.0037274,2.5e-06,0.0023434,3.8e-06,0.002854,0.9022729046173892,-0.0080905919741419,-14.111011659120308,0.8048633661045448,-0.300618875428586
2026-08-06T22-19-12_softplus_32_56,200,100,5,softplus,32,1,6.9e-06,0.0038664,2.88e-05,0.0064514,5.6e-06,0.0036939,0.8987427346193874,-0.006843891981808,-14.07244777032399,0.8157183743243696,-0.304835457796076
2026-08-06T22-19-12_softplus_32_57,200,100,5,softplus,32,1,7.3e-06,0.0039736,2.64e-05,0.006424,1.3e-05,0.0051512,0.8838613823030681,-0.0079118390895046,-14.379089349025444,0.8015248427068427,-0.2859933713887647
2026-08-06T22-19-12_softplus_32_58,200,100,5,softplus,32,1,1.14e-05,0.0050225,2.98e-05,0.0070918,4.58e-05,0.0084132,0.8992972761313325,-0.0084451622020346,-14.387805041462943,0.8056650778895615,-0.2921638047943448
2026-08-06T22-19-12_softplus_32_59,200,100,5,softplus,32,1,4.4e-06,0.0031328,3.4e-06,0.0027916,1.25e-05,0.0051602,0.906983188865104,-0.0124960746210452,-14.321825615737964,0.8066922896745208,-0.31099318168399
2026-08-06T22-19-12_softplus_32_60,200,100,5,softplus,32,1,2e-06,0.002065,3.3e-06,0.0027929,2.3e-06,0.0023458,0.9079682047388656,-0.0144459606511251,-14.389949888982986,0.7948004135443381,-0.2820919776044983
2026-08-06T22-19-12_softplus_32_61,200,100,5,softplus,32,1,5.2e-06,0.0034272,5.7e-06,0.0037505,6.4e-06,0.0038589,0.901585407688062,-0.0173699920332428,-14.07815622344649,0.80622365324367,-0.2745064154221605
2026-08-06T22-19-12_softplus_32_62,200,100,5,softplus,32,1,3.8e-06,0.002802,5.6e-06,0.0036767,7.4e-06,0.0031541,0.8939764116576276,-0.015914767267422,-14.379177900412197,0.7991628348195713,-0.2634730544382247
2026-08-06T22-19-12_softplus_32_63,200,100,5,softplus,32,1,5.8e-06,0.0035005,5.9e-06,0.0033953,6.5e-06,0.0038018,0.8988870532117801,-0.0132227638756286,-14.349028078964556,0.8043012696305313,-0.2800657778706316
2026-08-06T22-19-12_softplus_32_64,200,100,5,softplus,32,1,5e-06,0.0033637,2.11e-05,0.0052369,1.62e-05,0.0052866,0.9051504835134876,-0.0169833097467066,-14.59155505733239,0.8027476756549549,-0.286861228413599
2026-08-06T22-19-12_softplus_32_65,200,100,5,softplus,32,1,3.3e-06,0.0026325,4.63e-05,0.0066935,3.9e-06,0.0029977,0.907118729789982,-0.0161217877868752,-14.535079871911512,0.7971264706511775,-0.2933401400532787
2026-08-06T22-19-12_softplus_32_66,200,100,5,softplus,32,1,1.79e-05,0.0060222,9.2e-06,0.0045571,3.96e-05,0.0082832,0.9113318501509624,-0.0123819294775893,-14.501030932219363,0.8066676553751888,-0.3461048932013649
2026-08-06T22-19-12_softplus_32_67,200,100,5,softplus,32,1,4.5e-06,0.0030614,5.1e-06,0.0035611,5.1e-06,0.0035651,0.8941705210717685,-0.0107348200996658,-14.57955494560758,0.8038512377590019,-0.3142389675268897
2026-08-06T22-19-12_softplus_32_68,200,100,5,softplus,32,1,3.8e-06,0.0027622,3.84e-05,0.0070333,5.17e-05,0.0068127,0.909585335772372,-0.0160198098511656,-14.552258976687671,0.8125727406781087,-0.2803909546968602
2026-08-06T22-19-12_softplus_32_69,200,100,5,softplus,32,1,4.8e-06,0.0032055,2.8e-06,0.0024554,1.14e-05,0.0050685,0.904881208034124,-0.0079061273695257,-13.850831144395883,0.8065268584659432,-0.3448470066753673
2026-08-06T22-19-12_softplus_32_70,200,100,5,softplus,32,1,6.9e-06,0.0038166,2.9e-06,0.0026727,4.3e-06,0.0031004,0.9022408548659714,-0.0118456516872045,-14.20883692493067,0.8046002621361156,-0.2789871617844813
2026-08-06T22-19-12_softplus_32_71,200,100,5,softplus,32,1,3.8e-06,0.0028205,2.67e-05,0.0053844,3.2e-06,0.0026081,0.8931891858607311,-0.0065231756378057,-14.590624165342,0.7961221426415034,-0.319338814559174
2026-08-06T22-19-12_softplus_32_72,200,100,5,softplus,32,1,6.7e-06,0.0037604,2.83e-05,0.0059805,1.54e-05,0.0054313,0.9056034268168762,-0.0176617453124015,-14.2335741661627,0.8137699331018766,-0.2985548976690044
2026-08-06T22-19-12_softplus_32_73,200,100,5,softplus,32,1,7.5e-06,0.0040104,5.7e-06,0.0037283,8.2e-06,0.0044288,0.9063868621527572,-0.0146562756179644,-14.4310929422022,0.7979058809827763,-0.2949975642799685
2026-08-06T22-19-12_softplus_32_74,200,100,5,softplus,32,1,4.2e-06,0.0028513,5.5e-06,0.0034896,2.02e-05,0.0048155,0.8987744592203011,-0.0103858661654901,-14.84224558052137,0.8000259339975292,-0.2812855855757446
2026-08-06T22-19-12_softplus_32_75,200,100,5,softplus,32,1,4.7e-06,0.003212,4.1e-06,0.0031099,1.14e-05,0.003653,0.9061289677784852,-0.0168013253562981,-14.773532368013928,0.7983071285766171,-0.328249236527166
2026-08-06T22-19-12_softplus_32_76,200,100,5,softplus,32,1,7e-06,0.0038273,2.05e-05,0.005005,8.1e-06,0.0045148,0.8968328192900762,-0.012329675850752,-14.158746320486594,0.8098190048690366,-0.2959400062946837
2026-08-06T22-19-12_softplus_32_77,200,100,5,softplus,32,1,4.6e-06,0.003189,3.7e-06,0.0030245,2.7e-06,0.0025401,0.9000161482124384,-0.0110331372565608,-14.64797955018285,0.8029085829055926,-0.2836834692664464
2026-08-06T22-19-12_softplus_32_78,200,100,5,softplus,32,1,4.5e-06,0.0028479,3.15e-05,0.0061436,7.1e-06,0.0032387,0.9040566642868978,-0.0142370271161342,-14.61855932677561,0.8040396198887066,-0.2984611220352934
2026-08-06T22-19-12_softplus_32_79,200,100,5,softplus,32,1,5e-06,0.0033399,3.55e-05,0.0074053,1.46e-05,0.0049196,0.895850926111884,-0.0108664750877091,-14.134416192020732,0.8092878325740569,-0.2865020417749347
2026-08-06T22-19-12_softplus_32_80,200,100,5,softplus,32,1,5.3e-06,0.0033914,1.85e-05,0.0058326,2.12e-05,0.0049217,0.9019335767170872,-0.0136958653371804,-14.74981433372822,0.7965946084396855,-0.3139564778738213
2026-08-06T22-19-12_softplus_32_81,200,100,5,softplus,32,1,5.8e-06,0.0034043,1.37e-05,0.0045094,9.3e-05,0.0099574,0.9139452342025812,-0.0171026414035164,-14.336444831933264,0.8020279758935629,-0.4415988759086214
2026-08-06T22-19-12_softplus_32_82,200,100,5,softplus,32,1,1.07e-05,0.0047676,0.0001267,0.0098642,8.3e-06,0.0044886,0.892983936949187,-0.0016062519291527,-14.970968923590783,0.7848168913518183,-0.2644550453039135
2026-08-06T22-19-12_softplus_32_83,200,100,5,softplus,32,1,9.7e-06,0.0046075,2.43e-05,0.0057114,1.66e-05,0.0057979,0.8956961070039279,-0.0166764612120643,-14.591534025379634,0.7954512200842963,-0.3183742930833161
2026-08-06T22-19-12_softplus_32_84,200,100,5,softplus,32,1,6.4e-06,0.0038044,4.6e-06,0.0035571,5e-06,0.0035307,0.907341460965456,-0.0139937542059652,-14.571898958219288,0.8002858275456506,-0.3137386472216324
2026-08-06T22-19-12_softplus_32_85,200,100,5,softplus,32,1,7.1e-06,0.0039041,6.7e-06,0.0038186,5e-06,0.0033699,0.9003496475765218,-0.0056556018261623,-14.16596485323819,0.8083521721465878,-0.3232430366575672
2026-08-06T22-19-12_softplus_32_86,200,100,5,softplus,32,1,3.8e-06,0.0028564,1.41e-05,0.0047481,3.28e-05,0.0063392,0.9061538290023512,-0.0134061309382334,-14.463937850170268,0.8057091933673046,-0.3043527527018274
2026-08-06T22-19-12_softplus_32_87,200,100,5,softplus,32,1,6.1e-06,0.0035161,4.68e-05,0.0088952,4.74e-05,0.007171,0.8855004857876587,-0.0025479512269675,-14.138618653792852,0.8073296230786271,-0.2863803682198013
2026-08-06T22-19-12_softplus_32_88,200,100,5,softplus,32,1,4.9e-06,0.0031681,6.4e-06,0.0039228,3.4e-06,0.0028047,0.9025514423596064,-0.0134155402446844,-14.581209919567442,0.8024632125701455,-0.2907561837354577
2026-08-06T22-19-12_softplus_32_89,200,100,5,softplus,32,1,1.45e-05,0.0054071,1.07e-05,0.0046353,1.27e-05,0.0052507,0.9060615593864718,-0.014669996278701,-14.861960309696332,0.7937207129141635,-0.2874172884119785
2026-08-06T22-19-12_softplus_32_90,200,100,5,softplus,32,1,5.1e-06,0.0032439,3.7e-06,0.0027872,4e-06,0.0031117,0.906118993344718,-0.0098909697344697,-14.359232302218398,0.8054443014520996,-0.278320428744318
2026-08-06T22-19-12_softplus_32_91,200,100,5,softplus,32,1,4.5e-06,0.0030655,2.6e-06,0.0026014,6e-06,0.0035034,0.8897227033956444,-0.0064254161263002,-14.311909078654864,0.8007593770897261,-0.2555077158490043
2026-08-06T22-19-12_softplus_32_92,200,100,5,softplus,32,1,1.78e-05,0.0060814,4.55e-05,0.0094373,7.03e-05,0.0100982,0.906014981499047,-0.0153509114475041,-14.062596314249214,0.8124558877536743,-0.297294106695295
2026-08-06T22-19-12_softplus_32_93,200,100,5,softplus,32,1,8.1e-06,0.0040553,3.02e-05,0.0064619,4.55e-05,0.0066069,0.9052093725502668,-0.018860305889602,-14.18807522704715,0.8082096227222693,-0.3410681461550214
2026-08-06T22-19-12_softplus_32_94,200,100,5,softplus,32,1,5.3e-06,0.0033477,6e-06,0.0039483,1.16e-05,0.0046656,0.9060537949849168,-0.0181879920963589,-14.668873108873848,0.8030072882688233,-0.2944356035882162
2026-08-06T22-19-12_softplus_32_95,200,100,5,softplus,32,1,8.8e-06,0.0043434,1.15e-05,0.0050386,5.7e-06,0.0035212,0.9001036915812677,-0.0175793020508737,-13.6778215525129,0.8128674241915878,-0.3729233180786723
2026-08-06T22-19-12_softplus_32_96,200,100,5,softplus,32,1,7.1e-06,0.0038069,1.1e-05,0.005255,3.21e-05,0.0075001,0.9079902063896784,-0.0116960202978458,-14.334099544415675,0.8020237143466261,-0.2994932600118377
2026-08-06T22-19-12_softplus_32_97,200,100,5,softplus,32,1,4.3e-06,0.0029781,1.6e-05,0.0045801,8.6e-06,0.0041022,0.9067805019481954,-0.0167465385211302,-14.54272321758168,0.7998347777585094,-0.3217175745033163
2026-08-06T22-19-12_softplus_32_98,200,100,5,softplus,32,1,4.7e-06,0.003067,1.38e-05,0.0043081,1.3e-05,0.0047124,0.9020065249066516,-0.0104398684033958,-14.60114266000326,0.7968287516690004,-0.291162698841344
2026-08-06T22-19-12_softplus_32_99,200,100,5,softplus,32,1,3.8e-06,0.0028101,3.9e-06,0.0030922,5.09e-05,0.0057984,0.905934035995852,-0.0163269444218914,-14.419175987200964,0.8006642672571169,-0.2929433638884499
2026-08-06T22-19-12_softplus_32_100,200,100,5,softplus,32,1,7.9e-06,0.0041528,8.6e-06,0.0047565,1e-05,0.0047704,0.9116890919813982,-0.0137841146856227,-14.164444958764046,0.8034770100678171,-0.3291962953456561
